Batch,Command,Start Time,Second,Command Setting,S Partition,E Partition,S Column,E Column,S Row,E Row,Error Message
0,Get_CSV_Partition_Address,09:05:04,0,"Inbox/Master.csv",0,1,0,3,0,0,""
0,Read_CSV,09:05:04,0,"Inbox/Master.csv",1,1,3,3,0,0,""
0,Filter,09:05:04,0.001,"Style(=F)",1,1,3,3,7200,900,""
0,Build_Key_Value,09:05:04,0,"Product, Style => Table(key_value)",1,1,3,3,900,900,""
0,Get_CSV_Partition_Address,09:05:04,0.003,"Inbox/59M_Fact.csv",0,292,0,5,0,0,""
0,Read_CSV,09:05:04,0.176,"Inbox/59M_Fact.csv",100,100,5,5,0,0,""
0,Filter,09:05:04,0.275,"Shop(S77..S78)",100,100,5,5,20235466,443240,""
0,Join_Key_Value,09:05:04,0.019,"Product, Style => Inner(key_value)",100,100,5,6,443240,62000,""
0,Add_Column,09:05:04,0.005,"Quantity, Unit_Price => Multiply(Amount)",100,100,6,7,62000,62000,""
0,Filter,09:05:04,0.002,"Amount:Float(>100000)",100,100,7,7,62000,560,""
0,Append_CSV,09:05:04,0,"Outbox/Peakpy-Detail-Result-59M_Fact.csv",100,1,7,7,560,560,""
0,Group_By,09:05:04,0.003,"Shop, Product => Count() Sum(Quantity) Sum(Amount)",100,1,7,5,560,26,""
0,Final_Group_By,09:05:04,0,"Shop, Product => Sum(Count) Sum(Quantity) Sum(Amount)",1,1,5,5,26,26,""
0,Write_CSV,09:05:04,0,"Outbox/Peakpy-Summary-Result-59M_Fact.csv",1,1,5,5,26,26,""
1,Read_CSV,09:05:04,0.152,"Inbox/59M_Fact.csv",100,100,5,5,0,0,""
1,Filter,09:05:04,0.287,"Shop(S77..S78)",100,100,5,5,20235448,443240,""
1,Join_Key_Value,09:05:05,0.018,"Product, Style => Inner(key_value)",100,100,5,6,443240,62000,""
1,Add_Column,09:05:05,0.005,"Quantity, Unit_Price => Multiply(Amount)",100,100,6,7,62000,62000,""
1,Filter,09:05:05,0.002,"Amount:Float(>100000)",100,100,7,7,62000,560,""
1,Append_CSV,09:05:05,0,"Outbox/Peakpy-Detail-Result-59M_Fact.csv",100,1,7,7,560,560,""
1,Group_By,09:05:05,0.008,"Shop, Product => Count() Sum(Quantity) Sum(Amount)",100,1,7,5,560,26,""
0,Final_Group_By,09:05:05,0,"Shop, Product => Sum(Count) Sum(Quantity) Sum(Amount)",2,1,5,5,52,26,""
0,Write_CSV,09:05:05,0,"Outbox/Peakpy-Summary-Result-59M_Fact.csv",1,1,5,5,26,26,""
2,Read_CSV,09:05:05,0.173,"Inbox/59M_Fact.csv",92,92,5,5,0,0,""
2,Filter,09:05:05,0.242,"Shop(S77..S78)",92,92,5,5,18529086,421078,""
2,Join_Key_Value,09:05:05,0.017,"Product, Style => Inner(key_value)",92,92,5,6,421078,58900,""
2,Add_Column,09:05:05,0.008,"Quantity, Unit_Price => Multiply(Amount)",92,92,6,7,58900,58900,""
2,Filter,09:05:05,0.002,"Amount:Float(>100000)",92,92,7,7,58900,532,""
2,Append_CSV,09:05:05,0,"Outbox/Peakpy-Detail-Result-59M_Fact.csv",92,1,7,7,532,532,""
2,Group_By,09:05:05,0.006,"Shop, Product => Count() Sum(Quantity) Sum(Amount)",92,1,7,5,532,26,""
0,Final_Group_By,09:05:05,0,"Shop, Product => Sum(Count) Sum(Quantity) Sum(Amount)",3,1,5,5,78,26,""
0,Write_CSV,09:05:05,0,"Outbox/Peakpy-Summary-Result-59M_Fact.csv",1,1,5,5,26,26,""
