Ledger,Account,PartNo,Contact,Project,Unit Code,D/C,Currency,Quantity(Count),Quantity(Max),Quantity(Min),Quantity(Sum)
L10,15900,A11,C36,B26,PCS,C,C08,10,839,74,3851
L10,11570,A14,C38,B23,PCS,C,C10,10,965,163,5705
L10,13194,A15,C39,B20,PCS,C,C05,10,957,471,6885
L10,15162,A15,C36,B24,PCS,C,C08,10,937,334,6337
L10,18955,A18,C40,B26,PCS,D,C09,10,963,112,6860
L10,11353,A15,C32,B23,PCS,D,C01,10,968,16,5080
L10,14152,A19,C35,B26,PCS,D,C09,10,974,128,5123
L10,18456,A15,C38,B20,PCS,C,C04,10,966,36,4906
L10,18478,A14,C38,B28,PCS,C,C05,10,887,9,4987
L10,17175,A13,C32,B29,PCS,C,C02,10,657,168,4101
L10,13382,A18,C38,B27,PCS,C,C01,10,992,15,5465
L10,13887,A14,C30,B27,PCS,D,C10,10,979,101,5032
L10,14770,A15,C30,B23,PCS,C,C08,10,902,95,4797
L10,15138,A11,C37,B21,PCS,D,C04,10,957,160,6996
L10,19309,A13,C37,B28,PCS,D,C09,10,975,176,5004
L10,19625,A18,C38,B26,PCS,D,C07,10,742,36,5149
L10,14388,A11,C32,B21,PCS,D,C01,10,841,318,6015
L10,18933,A19,C32,B25,PCS,C,C02,10,848,61,4860
L10,13349,A19,C38,B25,PCS,D,C05,10,813,37,3289
L10,19548,A20,C39,B22,PCS,D,C08,10,991,13,5397
L10,12086,A11,C30,B26,PCS,D,C10,10,920,155,5915
L10,13785,A10,C36,B24,PCS,D,C09,10,931,45,3956
L10,17263,A15,C38,B28,PCS,D,C09,10,977,88,4378
L10,18975,A10,C34,B24,PCS,C,C05,10,966,22,4531
L10,19524,A16,C36,B26,PCS,C,C03,10,940,18,4198
L10,15410,A15,C37,B23,PCS,D,C09,10,951,7,4191
L10,19584,A17,C34,B24,PCS,D,C06,10,757,133,4101
L10,13346,A18,C38,B22,PCS,D,C01,10,958,96,5598
L10,10306,A17,C31,B23,PCS,C,C04,10,872,120,4217
L10,15697,A15,C37,B21,PCS,C,C03,10,932,122,4522
L10,18457,A16,C35,B21,PCS,C,C08,10,902,43,4479
L10,14612,A14,C37,B22,PCS,D,C03,10,979,201,5038
L10,15536,A13,C38,B22,PCS,C,C06,10,887,211,5346
L10,15514,A13,C34,B21,PCS,D,C03,10,944,15,4968
L10,12878,A17,C35,B28,PCS,D,C02,10,993,371,7215
L10,19066,A10,C31,B22,PCS,C,C07,10,915,46,6489
L10,14765,A20,C36,B22,PCS,C,C05,10,786,107,3794
L10,10330,A17,C38,B20,PCS,C,C01,10,917,9,4430
L10,18776,A13,C40,B23,PCS,D,C03,10,853,64,5096
L10,10968,A14,C34,B27,PCS,D,C10,10,874,40,4676
L10,19782,A12,C40,B24,PCS,D,C02,10,974,86,5797
L10,10331,A20,C35,B28,PCS,D,C04,10,955,4,4931
L10,11269,A10,C37,B22,PCS,C,C03,10,988,285,6323
L10,11752,A17,C32,B27,PCS,C,C04,10,968,7,4892
L10,12842,A18,C36,B27,PCS,C,C09,10,725,69,4923
L10,14194,A16,C31,B29,PCS,C,C02,10,993,149,5860
L10,13367,A14,C35,B23,PCS,D,C09,10,965,28,4979
L10,18955,A14,C37,B29,PCS,D,C07,10,996,39,5523
L10,14911,A14,C36,B24,PCS,D,C09,10,896,65,4681
L10,14474,A12,C30,B30,PCS,C,C01,10,928,11,5851
L10,17959,A17,C37,B23,PCS,C,C04,10,780,7,5018
L10,11677,A15,C31,B20,PCS,C,C02,10,958,1,6348
L10,11273,A20,C30,B22,PCS,C,C09,10,953,16,5783
L10,14329,A15,C34,B20,PCS,D,C03,10,781,107,4147
L10,10053,A11,C34,B27,PCS,C,C03,10,982,86,5313
L10,14763,A11,C40,B29,PCS,D,C01,10,927,36,5374
L10,18097,A13,C39,B28,PCS,C,C10,10,945,78,5207
L10,15404,A11,C38,B30,PCS,C,C09,10,855,40,3810
L10,10294,A12,C38,B30,PCS,C,C02,10,886,316,5823
L10,13421,A14,C35,B21,PCS,C,C10,10,837,139,4309
L10,10866,A15,C34,B30,PCS,D,C05,10,970,164,4788
L10,17491,A10,C32,B21,PCS,D,C07,10,805,17,4417
L10,12311,A15,C36,B25,PCS,D,C04,10,872,31,4740
L10,19012,A11,C33,B23,PCS,D,C05,10,984,66,5670
L10,13961,A10,C35,B30,PCS,C,C09,10,769,89,4037
L10,16326,A16,C36,B21,PCS,C,C03,10,656,12,3335
L10,10709,A18,C32,B21,PCS,C,C08,10,962,53,4947
L10,17391,A19,C36,B27,PCS,C,C08,10,796,158,5164
L10,11917,A11,C30,B22,PCS,D,C02,10,807,148,4468
L10,18300,A15,C38,B27,PCS,D,C04,10,710,42,3823
L10,13109,A10,C32,B25,PCS,D,C06,10,624,17,3701
L10,15731,A17,C30,B27,PCS,C,C07,10,892,139,5806
L10,11231,A10,C37,B29,PCS,D,C01,10,941,128,5177
L10,13032,A10,C30,B27,PCS,D,C02,10,962,293,6588
L10,13225,A13,C38,B24,PCS,D,C08,10,836,10,3347
L10,14847,A17,C30,B27,PCS,C,C03,10,998,126,5004
L10,14181,A18,C37,B22,PCS,C,C01,10,987,204,6408
L10,13603,A16,C35,B20,PCS,C,C06,10,966,222,4346
L10,16486,A18,C35,B27,PCS,D,C03,10,899,9,5631
L10,18089,A15,C37,B23,PCS,C,C06,10,998,151,4331
L10,15018,A20,C40,B26,PCS,C,C06,10,975,64,5708
L10,12000,A14,C34,B21,PCS,C,C01,10,910,129,6503
L10,14715,A20,C32,B24,PCS,C,C07,10,706,25,2216
L10,18634,A20,C31,B25,PCS,D,C04,10,977,217,6178
L10,10700,A11,C39,B22,PCS,C,C07,10,871,137,5746
L10,17992,A11,C40,B30,PCS,C,C01,10,961,130,5322
L10,19496,A15,C30,B26,PCS,C,C05,10,906,54,5722
L10,15561,A16,C36,B28,PCS,C,C08,10,913,55,4574
L10,14653,A11,C30,B21,PCS,D,C08,10,964,63,4716
L10,19853,A14,C35,B29,PCS,C,C06,10,988,113,5468
L10,15435,A18,C39,B25,PCS,C,C03,10,792,75,4028
L10,17015,A12,C30,B23,PCS,C,C01,10,667,2,3417
L10,16936,A11,C36,B27,PCS,D,C07,10,947,283,5529
L10,12031,A18,C34,B21,PCS,C,C10,10,923,258,6582
L10,17388,A14,C33,B29,PCS,C,C02,10,937,96,3708
L10,13984,A15,C36,B26,PCS,C,C04,10,965,17,5459
L10,13423,A18,C38,B26,PCS,D,C03,10,914,69,5572
L10,10351,A12,C32,B25,PCS,D,C03,10,761,87,3967
L10,11187,A14,C38,B22,PCS,C,C10,10,924,51,4788
L10,11935,A16,C32,B26,PCS,C,C03,10,920,79,5013
L10,17114,A15,C39,B22,PCS,D,C02,10,950,44,5655
L10,12058,A14,C37,B29,PCS,D,C03,10,819,161,5045
L10,13558,A20,C30,B22,PCS,D,C08,10,902,107,5439
L10,13381,A14,C33,B20,PCS,D,C10,10,783,110,5447
L10,19007,A16,C39,B27,PCS,D,C05,10,873,46,4067
L10,10924,A20,C36,B27,PCS,C,C05,10,917,14,4949
L10,14609,A15,C37,B23,PCS,C,C02,10,820,133,5601
L10,10382,A18,C37,B23,PCS,D,C06,10,887,184,4602
L10,19034,A20,C31,B30,PCS,D,C03,10,791,115,4355
L10,19725,A10,C34,B26,PCS,C,C09,10,942,21,4703
L10,11772,A12,C33,B22,PCS,D,C08,10,911,128,5770
L10,13380,A13,C31,B21,PCS,D,C01,10,917,91,5005
L10,11203,A19,C36,B26,PCS,D,C03,10,918,112,5606
L10,11997,A11,C33,B20,PCS,D,C09,10,783,48,3499
L10,17497,A11,C37,B30,PCS,D,C06,10,954,85,5335
L10,11600,A10,C40,B25,PCS,C,C03,10,969,107,5961
L10,15917,A17,C30,B29,PCS,C,C10,10,991,266,6597
L10,14217,A19,C34,B26,PCS,D,C06,10,897,120,5088
L10,17448,A12,C32,B20,PCS,C,C03,10,951,26,6173
L10,16058,A17,C32,B28,PCS,C,C05,10,798,26,3628
L10,17942,A13,C33,B27,PCS,D,C07,10,404,12,1966
L10,15191,A14,C31,B27,PCS,C,C03,10,943,9,4829
L10,15194,A17,C31,B25,PCS,C,C10,10,871,21,4042
L10,16128,A16,C36,B26,PCS,D,C08,10,997,130,5862
L10,10309,A18,C38,B20,PCS,D,C09,10,913,28,5043
L10,18311,A10,C33,B21,PCS,D,C07,10,899,137,5580
L10,16614,A13,C36,B29,PCS,C,C05,10,958,168,6058
L10,16731,A16,C32,B30,PCS,C,C02,10,773,51,5423
L10,17705,A13,C40,B24,PCS,C,C03,10,771,99,4074
L10,17368,A19,C33,B21,PCS,C,C02,10,988,156,5921
L10,16352,A18,C34,B28,PCS,D,C08,10,912,44,5368
L10,16887,A11,C30,B27,PCS,D,C02,10,965,171,6281
L10,14010,A17,C35,B21,PCS,C,C01,10,898,87,4132
L10,11886,A18,C40,B30,PCS,D,C08,10,886,56,4223
L10,11047,A15,C35,B25,PCS,C,C10,10,961,41,4704
L10,19104,A19,C34,B27,PCS,D,C10,10,978,29,5173
L10,12929,A13,C32,B27,PCS,D,C08,10,989,151,6160
L10,17472,A10,C32,B28,PCS,D,C09,10,995,96,5455
L10,18028,A17,C36,B20,PCS,C,C07,10,907,53,5029
L10,10257,A14,C39,B24,PCS,C,C01,10,986,157,5390
L10,13149,A14,C40,B26,PCS,C,C07,10,932,132,5823
L10,12559,A20,C35,B22,PCS,C,C01,10,974,21,5467
L10,18092,A10,C32,B20,PCS,C,C05,10,988,52,4853
L10,13946,A10,C40,B29,PCS,C,C04,10,978,249,7357
L10,16045,A17,C38,B26,PCS,D,C03,10,871,144,5032
L10,16986,A11,C32,B22,PCS,D,C08,10,994,54,5388
L10,18436,A19,C36,B23,PCS,C,C08,10,631,28,2919
L10,19380,A15,C34,B26,PCS,D,C03,10,914,174,5444
L10,13643,A17,C31,B21,PCS,D,C05,10,889,132,5649
L10,15630,A17,C31,B30,PCS,D,C03,10,809,41,4007
L10,12556,A13,C35,B20,PCS,C,C05,10,900,87,4920
L10,13584,A17,C34,B24,PCS,C,C04,10,917,80,6047
L10,13874,A10,C30,B30,PCS,D,C05,10,971,85,6074
L10,14478,A10,C38,B30,PCS,D,C07,10,940,72,5475
L10,12861,A10,C30,B21,PCS,C,C04,10,903,36,4455
L10,17457,A11,C31,B25,PCS,D,C05,10,951,78,5297
L10,16249,A19,C32,B24,PCS,C,C08,10,956,150,5488
L10,14116,A19,C39,B28,PCS,C,C03,10,965,69,5446
L10,15122,A18,C36,B22,PCS,D,C08,10,965,96,4362
L10,12045,A16,C36,B28,PCS,C,C01,10,957,88,5036
L10,16615,A12,C35,B21,PCS,D,C08,10,974,108,5864
L10,13064,A13,C32,B24,PCS,C,C03,10,933,39,6186
L10,11570,A12,C36,B30,PCS,C,C01,10,991,81,4887
L10,12519,A20,C39,B24,PCS,C,C07,10,824,31,3407
L10,17768,A13,C40,B21,PCS,C,C04,10,782,31,4866
L10,16386,A12,C32,B20,PCS,C,C03,10,981,29,4674
L10,14856,A15,C37,B22,PCS,C,C03,10,737,92,4379
L10,14291,A19,C40,B27,PCS,C,C04,10,876,326,5023
L10,18092,A11,C31,B23,PCS,D,C10,10,969,1,4616
L10,16736,A19,C30,B28,PCS,D,C05,10,992,148,5122
L10,19212,A18,C32,B21,PCS,C,C03,10,863,30,3358
L10,18774,A20,C40,B24,PCS,C,C08,10,924,221,5413
L10,10769,A16,C30,B27,PCS,D,C10,10,990,65,5270
L10,12867,A16,C32,B22,PCS,D,C07,10,779,159,4572
L10,17932,A19,C35,B20,PCS,C,C04,10,890,32,3808
L10,13759,A17,C32,B20,PCS,D,C08,10,879,169,5012
L10,12305,A14,C36,B26,PCS,C,C09,10,601,170,3403
L10,12932,A16,C40,B26,PCS,D,C08,10,827,175,5544
L10,15054,A14,C38,B25,PCS,D,C04,10,879,36,5583
L10,18237,A13,C36,B28,PCS,D,C04,10,945,22,5543
L10,11844,A12,C36,B25,PCS,C,C09,10,990,35,3979
L10,19271,A11,C32,B22,PCS,C,C04,10,904,67,4300
L10,12638,A15,C34,B20,PCS,C,C09,10,963,76,4253
L10,10168,A17,C37,B27,PCS,D,C03,10,921,20,4614
L10,18528,A10,C32,B30,PCS,D,C05,10,819,3,4765
L10,19860,A14,C31,B23,PCS,D,C10,10,947,56,5618
L10,14983,A13,C31,B29,PCS,C,C05,10,945,118,5381
L10,18059,A20,C38,B24,PCS,C,C04,10,907,49,5480
L10,10065,A16,C36,B29,PCS,C,C06,10,934,25,4481
L10,11352,A19,C34,B21,PCS,D,C10,10,910,27,4082
L10,12794,A19,C40,B22,PCS,C,C07,10,972,143,5397
L10,14618,A20,C38,B27,PCS,D,C08,10,994,62,5648
L10,19056,A11,C39,B27,PCS,D,C07,10,943,202,6596
L10,14723,A19,C40,B26,PCS,C,C01,10,838,124,4563
L10,17731,A17,C33,B25,PCS,D,C07,10,926,19,6585
L10,13403,A19,C36,B23,PCS,D,C02,10,909,2,3245
L10,15175,A15,C40,B29,PCS,C,C01,10,936,85,5234
L10,18891,A11,C40,B28,PCS,D,C05,10,970,2,4768
L10,10305,A10,C37,B27,PCS,D,C05,10,869,45,5355
L10,11837,A20,C33,B28,PCS,D,C03,10,742,137,4820
L10,13268,A12,C35,B21,PCS,C,C03,10,993,21,6388
L10,19345,A13,C30,B27,PCS,D,C08,10,939,14,4110
L10,14606,A10,C32,B28,PCS,D,C02,10,933,35,4987
L10,15661,A19,C35,B29,PCS,C,C03,10,946,140,6335
L10,16666,A10,C31,B22,PCS,D,C06,10,994,58,5467
L10,11742,A10,C39,B25,PCS,C,C06,10,864,40,5003
L10,19751,A17,C37,B22,PCS,C,C01,10,945,182,5529
L10,18467,A13,C38,B21,PCS,C,C10,10,932,134,4200
L10,12568,A11,C30,B24,PCS,C,C05,10,961,80,6223
L10,10784,A20,C30,B30,PCS,C,C04,10,982,57,4177
L10,12155,A17,C35,B23,PCS,C,C01,10,901,157,4087
L10,19332,A12,C35,B21,PCS,D,C01,10,997,90,5571
L10,14680,A11,C34,B24,PCS,D,C10,10,815,86,4431
L10,15031,A17,C37,B20,PCS,C,C05,10,994,29,5050
L10,19488,A19,C33,B29,PCS,D,C05,10,967,88,5273
L10,12900,A11,C30,B29,PCS,C,C03,10,943,67,6419
L10,14836,A13,C40,B25,PCS,D,C07,10,885,22,4490
L10,13406,A18,C30,B25,PCS,C,C07,10,994,12,3641
L10,10606,A15,C35,B28,PCS,D,C05,10,955,85,4935
L10,11166,A16,C34,B24,PCS,D,C06,10,939,22,4952
L10,12749,A13,C33,B29,PCS,D,C01,10,989,142,4969
L10,14037,A20,C36,B24,PCS,D,C04,10,944,10,3935
L10,15383,A17,C39,B24,PCS,C,C06,10,960,6,5343
L10,10006,A16,C30,B21,PCS,D,C07,10,890,112,4533
L10,18083,A10,C30,B22,PCS,C,C09,10,994,382,6961
L10,19222,A10,C36,B26,PCS,D,C04,10,982,94,6175
L10,12917,A14,C37,B20,PCS,C,C01,10,983,146,5347
L10,13191,A14,C35,B26,PCS,D,C07,10,854,53,5286
L10,13503,A18,C31,B28,PCS,C,C07,10,915,47,4976
L10,18935,A11,C39,B21,PCS,C,C06,10,943,280,4800
L10,12711,A11,C34,B22,PCS,C,C08,10,862,48,4331
L10,19118,A14,C34,B23,PCS,D,C08,10,941,12,5535
L10,17135,A12,C37,B21,PCS,D,C01,10,997,141,5721
L10,12624,A17,C31,B30,PCS,C,C02,10,981,69,5119
L10,10672,A16,C34,B26,PCS,D,C07,10,981,41,5794
L10,10865,A15,C30,B23,PCS,C,C02,10,977,93,4043
L10,14012,A17,C32,B25,PCS,D,C03,10,705,25,3353
L10,16653,A20,C37,B22,PCS,D,C04,10,617,7,3499
L10,10814,A13,C34,B30,PCS,D,C06,10,948,115,7017
L10,18199,A17,C35,B26,PCS,C,C03,10,851,180,4812
L10,18567,A10,C32,B27,PCS,C,C03,10,917,22,4132
L10,14967,A13,C38,B26,PCS,D,C01,10,895,136,5203
L10,11903,A13,C32,B27,PCS,C,C02,10,927,39,3309
L10,10801,A11,C30,B23,PCS,D,C02,10,819,234,5420
L10,11081,A13,C33,B22,PCS,C,C05,10,701,28,4519
L10,13952,A10,C33,B21,PCS,D,C04,10,865,33,4639
L10,13401,A17,C36,B24,PCS,D,C05,10,958,48,5094
L10,14386,A11,C37,B20,PCS,D,C05,10,951,50,5889
L10,11728,A19,C35,B29,PCS,C,C04,10,945,135,5363
L10,11346,A16,C38,B21,PCS,C,C01,10,673,148,4342
L10,18016,A13,C37,B30,PCS,C,C09,10,967,95,4827
L10,19753,A20,C33,B30,PCS,C,C03,10,904,5,5089
L10,10838,A16,C30,B22,PCS,D,C10,10,981,40,5534
L10,15289,A14,C33,B26,PCS,C,C01,10,947,24,5211
L10,16765,A15,C38,B24,PCS,D,C09,10,953,110,5107
L10,11903,A13,C37,B30,PCS,D,C06,10,732,1,3837
L10,15612,A10,C33,B26,PCS,D,C03,10,970,51,4527
L10,11501,A17,C39,B29,PCS,D,C07,10,994,147,6054
L10,17763,A11,C31,B21,PCS,C,C01,10,877,12,3662
L10,13682,A20,C33,B26,PCS,C,C07,10,986,16,5421
L10,17224,A10,C33,B27,PCS,D,C08,10,821,30,3887
L10,13941,A17,C30,B28,PCS,C,C08,10,964,54,4840
L10,11142,A15,C36,B24,PCS,D,C10,10,964,275,6461
L10,12683,A13,C35,B21,PCS,C,C10,10,996,81,4922
L10,17801,A19,C40,B28,PCS,D,C03,10,746,76,3181
L10,16201,A10,C32,B22,PCS,D,C03,10,927,91,4599
L10,17870,A11,C30,B23,PCS,D,C10,10,988,124,6072
L10,15233,A16,C38,B28,PCS,C,C08,10,967,244,5135
L10,10883,A18,C35,B24,PCS,C,C03,10,939,46,4556
L10,13124,A13,C34,B26,PCS,D,C07,10,940,14,4688
L10,11682,A18,C35,B25,PCS,D,C09,10,981,32,4730
L10,12684,A18,C38,B29,PCS,C,C05,10,662,100,3882
L10,15565,A17,C38,B22,PCS,D,C10,10,997,74,5390
L10,12548,A12,C36,B29,PCS,C,C01,10,820,86,4870
L10,10422,A14,C40,B22,PCS,D,C01,10,909,23,5871
L10,11327,A20,C31,B25,PCS,D,C08,10,944,231,5650
L10,16566,A13,C39,B28,PCS,D,C07,10,668,31,3771
L10,15232,A11,C40,B25,PCS,D,C03,10,987,76,5929
L10,15503,A18,C40,B29,PCS,D,C09,10,912,59,5235
L10,12632,A11,C34,B24,PCS,C,C09,10,971,183,5764
L10,17253,A11,C30,B29,PCS,D,C04,10,890,174,5018
L10,12768,A13,C35,B27,PCS,C,C09,10,981,185,5156
L10,10624,A17,C32,B21,PCS,D,C01,10,735,143,4357
L10,19953,A19,C37,B20,PCS,C,C07,10,860,23,4785
L10,14002,A20,C32,B29,PCS,D,C07,10,990,24,4095
L10,15045,A12,C33,B26,PCS,D,C05,10,957,186,5249
L10,19094,A11,C33,B21,PCS,D,C04,10,979,140,5444
L10,16063,A20,C37,B25,PCS,C,C06,10,882,128,4378
L10,15938,A18,C30,B30,PCS,C,C01,10,943,100,4776
L10,18366,A19,C36,B30,PCS,D,C03,10,996,84,5692
L10,18233,A20,C34,B26,PCS,D,C09,10,952,115,5252
L10,19918,A20,C40,B25,PCS,D,C01,10,849,56,4830
L10,15025,A14,C34,B24,PCS,D,C08,10,967,113,5694
L10,14465,A13,C40,B20,PCS,D,C05,10,822,228,5271
L10,17270,A14,C34,B28,PCS,C,C09,10,881,33,5058
L10,10433,A13,C35,B27,PCS,D,C01,10,992,114,5092
L10,12826,A16,C39,B22,PCS,D,C01,10,844,216,4797
L10,18438,A13,C40,B30,PCS,C,C06,10,843,118,4241
L10,11964,A12,C37,B27,PCS,C,C04,10,983,36,3819
L10,14429,A15,C36,B22,PCS,D,C06,10,951,50,5673
L10,10896,A15,C34,B30,PCS,C,C05,10,882,98,4943
L10,19362,A18,C33,B21,PCS,C,C10,10,977,12,6284
L10,12673,A20,C38,B20,PCS,D,C04,10,720,104,5059
L10,17314,A11,C30,B24,PCS,D,C02,10,876,13,5234
L10,18809,A13,C35,B28,PCS,C,C10,10,944,152,4371
L10,19840,A11,C36,B26,PCS,D,C06,10,936,111,5386
L10,13150,A10,C32,B22,PCS,D,C03,10,866,21,4066
L10,15982,A17,C36,B21,PCS,D,C03,10,940,11,6260
L10,17112,A17,C34,B25,PCS,D,C07,10,823,102,4360
L10,14010,A19,C33,B24,PCS,C,C01,10,907,13,3281
L10,14306,A17,C30,B25,PCS,D,C04,10,832,51,4085
L10,13787,A20,C32,B27,PCS,C,C05,10,979,71,4970
L10,18600,A19,C40,B25,PCS,C,C01,10,996,56,7108
L10,19562,A13,C32,B29,PCS,D,C05,10,846,3,4941
L10,14161,A11,C38,B29,PCS,D,C01,10,874,42,3623
L10,15917,A20,C32,B26,PCS,D,C07,10,981,91,7012
L10,12040,A11,C32,B30,PCS,D,C07,10,965,173,6461
L10,15977,A12,C35,B26,PCS,D,C04,10,945,156,4480
L10,19972,A11,C35,B26,PCS,C,C06,10,876,59,4960
L10,15651,A20,C36,B28,PCS,D,C02,10,939,121,5657
L10,17859,A15,C30,B28,PCS,C,C04,10,880,26,5016
L10,10827,A19,C30,B24,PCS,C,C06,10,947,122,4456
L10,12371,A14,C33,B25,PCS,C,C03,10,823,153,5589
L10,18434,A19,C36,B30,PCS,D,C07,10,808,44,5006
L10,19895,A17,C34,B21,PCS,D,C01,10,984,103,6173
L10,13480,A14,C32,B26,PCS,C,C03,10,925,127,4676
L10,18266,A19,C30,B27,PCS,D,C08,10,953,35,6172
L10,11794,A16,C30,B24,PCS,D,C10,10,965,155,6095
L10,17018,A12,C38,B22,PCS,D,C02,10,958,35,5485
L10,19753,A16,C38,B30,PCS,D,C05,10,885,125,5536
L10,15547,A20,C30,B28,PCS,D,C07,10,874,104,3664
L10,17981,A11,C32,B20,PCS,C,C07,10,678,111,4092
L10,12371,A20,C40,B24,PCS,C,C02,10,901,124,4664
L10,14584,A18,C38,B23,PCS,C,C03,10,740,58,3811
L10,10682,A17,C37,B26,PCS,D,C02,10,997,117,5825
L10,12490,A19,C34,B30,PCS,D,C10,10,982,83,5488
L10,13862,A10,C34,B21,PCS,C,C06,10,978,52,5278
L10,13474,A14,C34,B20,PCS,C,C06,10,968,166,5089
L10,15631,A17,C31,B21,PCS,C,C05,10,973,108,6356
L10,15770,A15,C32,B22,PCS,C,C04,10,845,264,5601
L10,17264,A11,C37,B26,PCS,D,C05,10,988,22,3210
L10,19080,A15,C40,B21,PCS,D,C06,10,791,36,4458
L10,19247,A17,C33,B27,PCS,C,C07,10,896,21,4089
L10,18257,A11,C30,B21,PCS,D,C02,10,852,7,4744
L10,12603,A20,C37,B24,PCS,C,C01,10,927,5,4814
L10,12070,A13,C37,B26,PCS,D,C05,10,944,196,5007
L10,15196,A18,C35,B28,PCS,C,C03,10,972,47,5874
L10,13301,A12,C32,B22,PCS,C,C09,10,868,97,4818
L10,12066,A13,C35,B30,PCS,C,C04,10,940,63,5868
L10,12034,A14,C36,B25,PCS,D,C05,10,983,261,5665
L10,18231,A13,C34,B27,PCS,C,C05,10,904,73,4195
L10,14883,A10,C36,B22,PCS,D,C10,10,871,189,5371
L10,20000,A14,C39,B24,PCS,C,C08,10,901,11,6203
L10,10379,A20,C34,B30,PCS,C,C04,10,943,53,5431
L10,11055,A17,C36,B23,PCS,D,C08,10,987,24,5206
L10,17683,A19,C34,B21,PCS,D,C07,10,828,21,4345
L10,19904,A15,C34,B21,PCS,C,C09,10,797,11,3562
L10,17144,A13,C34,B29,PCS,D,C02,10,969,141,6688
L10,18473,A20,C32,B28,PCS,C,C10,10,987,66,4097
L10,18395,A11,C30,B28,PCS,D,C04,10,931,75,4636
L10,12285,A10,C34,B21,PCS,C,C08,10,766,91,4660
L10,14284,A13,C33,B25,PCS,C,C10,10,826,49,3927
L10,17369,A12,C37,B20,PCS,C,C01,10,870,331,5873
L10,15263,A10,C38,B30,PCS,D,C07,10,964,115,5783
L10,16513,A20,C30,B25,PCS,D,C06,10,946,7,4732
L10,16114,A15,C36,B21,PCS,C,C10,10,975,16,4531
L10,10486,A16,C37,B26,PCS,C,C07,10,886,140,4927
L10,19091,A18,C35,B29,PCS,C,C08,10,948,230,5722
L10,19679,A13,C39,B25,PCS,D,C10,10,736,113,4565
L10,12777,A14,C31,B28,PCS,C,C05,10,872,7,4584
L10,15910,A12,C34,B20,PCS,C,C08,10,984,4,5171
L10,10977,A16,C32,B27,PCS,C,C02,10,910,1,4725
L10,18182,A12,C39,B30,PCS,D,C02,10,858,19,3088
L10,12523,A10,C33,B29,PCS,D,C09,10,991,1,4256
L10,10246,A16,C40,B20,PCS,D,C04,10,911,57,5585
L10,11275,A19,C31,B24,PCS,D,C08,10,951,128,5036
L10,16444,A14,C36,B26,PCS,D,C10,10,912,56,6179
L10,19023,A14,C36,B21,PCS,C,C05,10,962,471,6857
L10,13017,A16,C30,B29,PCS,D,C05,10,948,120,5106
L10,19705,A15,C38,B27,PCS,C,C08,10,976,127,6009
L10,14857,A13,C40,B26,PCS,C,C09,10,907,94,5046
L10,19141,A12,C38,B24,PCS,C,C03,10,942,74,4451
L10,16831,A19,C35,B24,PCS,D,C02,10,802,210,5327
L10,10220,A11,C31,B29,PCS,D,C09,10,943,21,5917
L10,19550,A14,C30,B25,PCS,C,C04,10,857,214,5368
L10,12369,A19,C33,B23,PCS,D,C04,10,944,60,4300
L10,10439,A14,C34,B24,PCS,D,C08,10,928,1,3587
L10,10690,A13,C37,B30,PCS,D,C02,10,886,147,5801
L10,11284,A16,C40,B23,PCS,D,C10,10,931,61,5153
L10,17314,A16,C30,B29,PCS,C,C03,10,858,151,3843
L10,10890,A14,C39,B24,PCS,D,C01,10,960,333,6693
L10,15281,A19,C31,B27,PCS,D,C01,10,865,178,4834
L10,13043,A16,C36,B23,PCS,C,C02,10,943,37,4645
L10,10368,A20,C40,B29,PCS,D,C10,10,981,47,4114
L10,12124,A19,C30,B29,PCS,C,C03,10,902,34,4222
L10,18530,A11,C37,B26,PCS,D,C10,10,858,26,4288
L10,11645,A10,C35,B22,PCS,D,C03,10,995,30,6107
L10,19597,A11,C37,B20,PCS,C,C10,10,939,17,3686
L10,19100,A14,C36,B30,PCS,D,C04,10,905,69,5023
L10,18074,A16,C33,B27,PCS,C,C05,10,989,74,5803
L10,13222,A15,C39,B26,PCS,D,C04,10,951,315,5783
L10,14080,A14,C31,B30,PCS,D,C04,10,858,3,3458
L10,18643,A17,C30,B30,PCS,D,C07,10,895,73,4678
L10,19644,A14,C39,B23,PCS,C,C10,10,977,97,6661
L10,11261,A13,C33,B25,PCS,C,C08,10,925,27,3979
L10,10925,A16,C30,B26,PCS,C,C10,10,904,118,6684
L10,15183,A19,C35,B25,PCS,D,C07,10,870,250,6438
L10,16298,A16,C40,B26,PCS,D,C03,10,870,73,4674
L10,12855,A19,C35,B26,PCS,D,C01,10,789,15,4624
L10,10293,A11,C35,B27,PCS,D,C01,10,848,19,4610
L10,14950,A18,C35,B29,PCS,C,C02,10,904,127,4946
L10,11045,A20,C35,B20,PCS,C,C01,10,872,136,5927
L10,18858,A16,C35,B27,PCS,C,C06,10,749,107,4511
L10,10434,A12,C37,B29,PCS,D,C09,10,733,32,3388
L10,12839,A11,C31,B30,PCS,D,C08,10,976,198,6319
L10,13381,A20,C31,B27,PCS,D,C03,10,626,97,4068
L10,17934,A10,C31,B30,PCS,D,C06,10,986,7,4279
L10,16154,A16,C38,B23,PCS,D,C08,10,830,66,4818
L10,18173,A15,C35,B26,PCS,D,C10,10,946,44,4004
L10,18361,A18,C31,B23,PCS,C,C02,10,974,213,5828
L10,11358,A14,C31,B21,PCS,C,C02,10,924,10,4862
L10,11474,A12,C33,B28,PCS,C,C04,10,626,106,3945
L10,12421,A16,C36,B29,PCS,D,C10,10,943,23,4141
L10,15611,A11,C38,B30,PCS,D,C09,10,822,44,3942
L10,17641,A11,C32,B26,PCS,C,C07,10,955,162,5192
L10,17120,A13,C31,B20,PCS,C,C04,10,994,19,3905
L10,17441,A13,C32,B25,PCS,C,C09,10,991,21,3743
L10,10612,A20,C34,B21,PCS,C,C09,10,823,77,5332
L10,13188,A17,C38,B25,PCS,D,C09,10,996,20,5195
L10,17996,A20,C31,B23,PCS,C,C05,10,924,53,4810
L10,12607,A10,C35,B21,PCS,D,C08,10,843,33,5262
L10,13120,A16,C40,B25,PCS,C,C10,10,987,4,5366
L10,19630,A13,C33,B30,PCS,D,C06,10,851,7,6140
L10,11434,A18,C36,B27,PCS,C,C05,10,804,24,3078
L10,16999,A13,C34,B30,PCS,C,C02,10,891,10,4625
L10,19225,A20,C33,B22,PCS,C,C08,10,861,94,4084
L10,10837,A11,C36,B29,PCS,D,C10,10,924,109,4690
L10,15206,A17,C32,B23,PCS,C,C07,10,977,176,5728
L10,16420,A19,C40,B23,PCS,C,C06,10,993,170,5337
L10,17870,A11,C32,B27,PCS,C,C10,10,910,43,4697
L10,10036,A10,C36,B26,PCS,C,C01,10,889,135,5086
L10,17927,A16,C40,B30,PCS,D,C02,10,741,5,4525
L10,14328,A15,C30,B22,PCS,D,C07,10,894,23,3623
L10,11851,A16,C39,B28,PCS,C,C04,10,887,5,2700
L10,15442,A15,C40,B21,PCS,C,C06,10,894,174,5463
L10,19777,A13,C33,B24,PCS,C,C01,10,953,209,4901
L10,18756,A10,C36,B21,PCS,C,C03,10,886,20,4007
L10,10901,A10,C39,B22,PCS,D,C03,10,935,157,4942
L10,15384,A20,C39,B30,PCS,D,C03,10,872,74,4951
L10,12427,A10,C35,B26,PCS,C,C08,10,885,94,6468
L10,14991,A14,C33,B27,PCS,D,C07,10,896,124,5995
L10,15178,A19,C33,B23,PCS,D,C06,10,894,10,5206
L10,16554,A12,C30,B26,PCS,D,C08,10,974,112,5878
L10,13829,A14,C37,B25,PCS,D,C03,10,793,178,4060
L10,12300,A16,C37,B25,PCS,C,C04,10,898,74,4897
L10,19464,A15,C35,B29,PCS,D,C09,10,783,4,3193
L10,12845,A20,C35,B24,PCS,D,C03,10,969,102,4072
L10,18253,A19,C38,B30,PCS,C,C05,10,924,38,5078
L10,10750,A10,C33,B24,PCS,D,C03,10,955,48,5287
L10,11131,A17,C39,B20,PCS,D,C08,10,956,127,5648
L10,15875,A17,C32,B30,PCS,D,C03,10,673,72,3352
L10,17294,A11,C33,B20,PCS,C,C08,10,981,2,4204
L10,14727,A17,C39,B20,PCS,C,C01,10,846,54,4214
L10,11800,A10,C34,B26,PCS,D,C05,10,975,14,6081
L10,12551,A12,C31,B21,PCS,D,C05,10,918,28,4372
L10,16701,A11,C36,B21,PCS,C,C06,10,953,68,5219
L10,17228,A17,C38,B22,PCS,D,C08,10,876,28,3855
L10,18263,A10,C30,B23,PCS,D,C05,10,816,62,5130
L10,19847,A20,C32,B24,PCS,D,C04,10,900,55,3977
L10,10652,A10,C35,B23,PCS,C,C04,10,946,209,5667
L10,18465,A15,C33,B28,PCS,D,C04,10,935,22,5656
L10,13250,A14,C35,B22,PCS,D,C06,10,978,70,5629
L10,12260,A10,C36,B28,PCS,D,C06,10,936,38,5136
L10,17476,A11,C33,B24,PCS,C,C10,10,936,27,5830
L10,19711,A15,C33,B26,PCS,C,C07,10,829,205,5724
L10,16801,A20,C35,B22,PCS,D,C01,10,893,147,5937
L10,11045,A12,C40,B26,PCS,D,C05,10,929,45,5583
L10,18446,A17,C39,B25,PCS,C,C05,10,679,52,4180
L10,12092,A13,C37,B26,PCS,C,C04,10,958,61,4676
L10,19773,A14,C36,B21,PCS,D,C06,10,974,220,5943
L10,10098,A19,C36,B30,PCS,C,C01,10,960,39,4818
L10,13775,A13,C30,B21,PCS,C,C09,10,989,24,4948
L10,15408,A18,C39,B28,PCS,D,C07,10,926,156,4943
L10,18792,A14,C33,B29,PCS,D,C03,10,773,51,4549
L10,11241,A14,C35,B28,PCS,D,C04,10,877,11,4846
L10,15474,A10,C40,B21,PCS,D,C07,10,989,106,6003
L10,10396,A19,C32,B28,PCS,C,C07,10,956,100,4624
L10,19049,A11,C31,B26,PCS,D,C03,10,985,262,6038
L10,14259,A12,C39,B29,PCS,C,C10,10,905,7,4669
L10,17158,A13,C33,B29,PCS,D,C04,10,992,104,5018
L10,12742,A12,C33,B23,PCS,C,C06,10,937,62,6323
L10,13771,A17,C37,B23,PCS,C,C04,10,978,169,5050
L10,12206,A20,C37,B20,PCS,C,C05,10,918,229,5741
L10,17802,A20,C35,B24,PCS,C,C05,10,831,13,3636
L10,14499,A14,C35,B23,PCS,C,C08,10,936,116,6349
L10,19178,A13,C35,B28,PCS,C,C06,10,902,157,5667
L10,18593,A12,C33,B24,PCS,D,C05,10,964,233,6065
L10,17876,A18,C40,B21,PCS,D,C05,10,949,30,4762
L10,10821,A11,C37,B25,PCS,D,C05,10,932,61,5531
L10,11802,A11,C36,B28,PCS,D,C01,10,820,72,3932
L10,16588,A11,C37,B27,PCS,D,C06,10,968,101,5405
L10,10279,A11,C38,B22,PCS,D,C04,10,727,1,3158
L10,19097,A14,C33,B24,PCS,D,C10,10,997,17,4881
L10,12340,A17,C32,B28,PCS,C,C08,10,995,24,3937
L10,11865,A19,C40,B28,PCS,D,C05,10,967,181,5317
L10,13429,A12,C34,B27,PCS,C,C01,10,846,44,4495
L10,10690,A12,C36,B25,PCS,C,C05,10,857,16,5403
L10,17680,A20,C38,B25,PCS,D,C09,10,964,57,4233
L10,18268,A10,C34,B25,PCS,C,C08,10,831,223,4539
L10,11678,A14,C32,B23,PCS,D,C04,10,872,238,5703
L10,11870,A18,C34,B24,PCS,C,C01,10,652,87,3730
L10,11558,A20,C30,B20,PCS,D,C02,10,950,10,4445
L10,13207,A19,C37,B26,PCS,D,C08,10,924,364,6051
L10,13379,A14,C38,B23,PCS,C,C10,10,964,27,4288
L10,15562,A11,C36,B29,PCS,C,C02,10,870,222,5167
L10,10585,A14,C38,B25,PCS,D,C06,10,986,381,6700
L10,12423,A10,C30,B24,PCS,D,C03,10,987,69,5396
L10,12899,A17,C39,B25,PCS,D,C09,10,960,33,4367
L10,17463,A11,C31,B25,PCS,D,C07,10,976,4,3254
L10,10617,A11,C35,B28,PCS,C,C06,10,997,50,5781
L10,10833,A18,C32,B20,PCS,D,C09,10,957,24,3553
L10,11574,A16,C39,B30,PCS,C,C03,10,887,70,5388
L10,13193,A19,C39,B29,PCS,D,C03,10,962,297,5421
L10,14101,A10,C33,B27,PCS,D,C06,10,913,1,3556
L10,15021,A11,C35,B25,PCS,C,C08,10,958,115,6287
L10,15122,A12,C39,B30,PCS,C,C03,10,884,76,4620
L10,16976,A20,C33,B20,PCS,C,C07,10,908,55,3844
L10,10054,A12,C38,B27,PCS,C,C06,10,895,73,6045
L10,13264,A20,C33,B20,PCS,C,C06,10,989,15,4780
L10,14399,A12,C36,B25,PCS,D,C07,10,955,28,4664
L10,12033,A15,C38,B30,PCS,D,C03,10,808,36,4052
L10,12902,A16,C40,B22,PCS,C,C01,10,890,10,4852
L10,12641,A18,C35,B29,PCS,C,C04,10,922,82,4195
L10,19564,A13,C36,B30,PCS,D,C05,10,980,1,6417
L10,10773,A20,C34,B20,PCS,C,C07,10,977,177,6736
L10,14763,A11,C32,B27,PCS,D,C07,10,809,4,4020
L10,15464,A18,C32,B28,PCS,D,C05,10,987,3,5222
L10,19044,A17,C37,B26,PCS,C,C08,10,788,9,4459
L10,14671,A18,C34,B22,PCS,D,C05,10,972,12,5206
L10,10716,A15,C35,B20,PCS,D,C07,10,999,34,4550
L10,10628,A10,C33,B29,PCS,D,C08,10,843,34,4803
L10,19321,A11,C40,B21,PCS,D,C10,10,999,126,4773
L10,10364,A13,C37,B21,PCS,D,C05,10,856,16,4192
L10,16677,A18,C38,B23,PCS,D,C05,10,941,11,3513
L10,17309,A13,C33,B27,PCS,D,C03,10,979,92,5366
L10,10296,A13,C39,B20,PCS,D,C05,10,943,32,4041
L10,11690,A19,C32,B26,PCS,D,C04,10,871,166,4708
L10,11718,A16,C32,B25,PCS,C,C09,10,935,55,4803
L10,18452,A11,C37,B20,PCS,D,C06,10,998,132,4988
L10,10715,A16,C32,B24,PCS,D,C04,10,918,56,4322
L10,14666,A18,C30,B26,PCS,D,C06,10,912,37,4887
L10,10788,A11,C40,B24,PCS,D,C07,10,855,338,5663
L10,13414,A16,C36,B25,PCS,C,C07,10,963,112,4793
L10,11547,A14,C31,B21,PCS,D,C05,10,971,4,4522
L10,19550,A20,C33,B21,PCS,D,C08,10,997,23,5595
L10,15621,A14,C38,B24,PCS,C,C09,10,958,293,5880
L10,12615,A20,C34,B25,PCS,C,C08,10,902,106,5763
L10,16276,A11,C37,B26,PCS,C,C08,10,987,77,5711
L10,17961,A20,C31,B22,PCS,C,C07,10,931,120,4943
L10,16479,A14,C40,B20,PCS,C,C04,10,998,65,6201
L10,19330,A16,C31,B25,PCS,C,C01,10,801,150,4772
L10,17131,A13,C30,B30,PCS,D,C04,10,971,51,5457
L10,19320,A15,C35,B20,PCS,D,C01,10,986,222,5381
L10,17945,A13,C30,B21,PCS,D,C08,10,999,101,6164
L10,11035,A17,C35,B27,PCS,C,C07,10,988,125,6906
L10,13723,A19,C35,B29,PCS,C,C04,10,894,57,4933
L10,12239,A17,C32,B28,PCS,C,C05,10,983,124,4793
L10,17119,A13,C31,B20,PCS,C,C08,10,846,47,4089
L10,11084,A16,C31,B29,PCS,C,C01,10,854,264,5830
L10,14194,A19,C35,B24,PCS,D,C09,10,934,7,3917
L10,18661,A16,C34,B30,PCS,C,C05,10,924,183,5980
L10,11413,A18,C37,B29,PCS,C,C04,10,802,13,4760
L10,14857,A17,C31,B21,PCS,D,C04,10,924,175,5182
L10,19902,A17,C38,B30,PCS,D,C08,10,996,68,5980
L10,13078,A20,C36,B23,PCS,D,C06,10,873,190,5651
L10,13287,A19,C30,B30,PCS,C,C03,10,940,148,4431
L10,18303,A14,C40,B26,PCS,C,C05,10,709,102,4318
L10,19847,A11,C31,B24,PCS,D,C08,10,960,148,4460
L10,14415,A18,C32,B29,PCS,D,C03,10,905,197,5881
L10,10101,A15,C32,B25,PCS,D,C10,10,975,175,6448
L10,16935,A16,C38,B28,PCS,C,C09,10,994,204,4866
L10,11654,A11,C40,B23,PCS,D,C10,10,802,30,4300
L10,10462,A20,C37,B25,PCS,C,C03,10,936,45,5111
L10,17246,A19,C40,B26,PCS,D,C03,10,937,52,5691
L10,10051,A16,C38,B30,PCS,D,C10,10,999,58,5600
L10,17751,A10,C34,B29,PCS,C,C04,10,956,179,5231
L10,19441,A16,C33,B28,PCS,D,C04,10,934,43,4894
L10,12070,A20,C33,B28,PCS,D,C01,10,901,2,4038
L10,16828,A15,C33,B26,PCS,D,C06,10,788,306,5674
L10,17564,A17,C40,B24,PCS,C,C08,10,997,276,6139
L10,17603,A11,C39,B21,PCS,C,C07,10,959,143,5964
L10,15930,A17,C35,B21,PCS,D,C04,10,948,39,3078
L10,19078,A15,C33,B29,PCS,C,C01,10,914,39,4978
L10,10485,A15,C31,B26,PCS,D,C04,10,961,52,5813
L10,14796,A19,C35,B21,PCS,D,C06,10,974,250,5062
L10,11021,A14,C36,B23,PCS,D,C10,10,937,91,5202
L10,12837,A10,C34,B20,PCS,D,C07,10,975,90,5355
L10,16827,A14,C31,B30,PCS,D,C04,10,966,88,6164
L10,12798,A10,C40,B24,PCS,D,C01,10,922,94,5120
L10,18871,A18,C36,B20,PCS,D,C01,10,792,48,4168
L10,10607,A18,C40,B24,PCS,D,C03,10,926,44,5949
L10,17876,A11,C38,B26,PCS,D,C03,10,990,2,5232
L10,18357,A15,C32,B25,PCS,C,C06,10,856,177,5075
L10,11240,A14,C30,B26,PCS,D,C10,10,904,89,4203
L10,19643,A14,C40,B27,PCS,C,C06,10,900,75,5020
L10,13340,A14,C39,B30,PCS,D,C05,10,981,115,6034
L10,10337,A18,C36,B22,PCS,D,C03,10,908,497,7407
L10,17576,A20,C36,B29,PCS,C,C04,10,881,44,4264
L10,16647,A13,C36,B23,PCS,D,C06,10,889,33,4486
L10,10642,A14,C30,B21,PCS,C,C04,10,841,148,5948
L10,15188,A10,C40,B24,PCS,C,C04,10,929,54,4426
L10,15266,A14,C35,B26,PCS,C,C01,10,966,125,6282
L10,10212,A18,C31,B22,PCS,C,C04,10,993,9,3508
L10,14333,A13,C35,B26,PCS,D,C05,10,897,46,4913
L10,15958,A18,C34,B27,PCS,C,C06,10,993,124,4899
L10,11530,A14,C30,B27,PCS,D,C02,10,879,40,5581
L10,11649,A13,C37,B22,PCS,D,C06,10,988,10,5333
L10,19756,A11,C30,B24,PCS,D,C09,10,998,33,5834
L10,17709,A13,C30,B29,PCS,C,C03,10,896,104,4269
L10,12643,A12,C38,B24,PCS,D,C01,10,978,104,4565
L10,15621,A15,C39,B30,PCS,D,C07,10,931,35,4897
L10,15180,A15,C30,B30,PCS,D,C08,10,914,163,6559
L10,15912,A19,C37,B20,PCS,D,C06,10,930,49,4684
L10,19840,A13,C37,B21,PCS,C,C05,10,924,27,3040
L10,16173,A15,C31,B23,PCS,C,C06,10,764,68,5112
L10,14849,A13,C38,B28,PCS,D,C01,10,961,52,5275
L10,18272,A14,C39,B28,PCS,D,C06,10,999,179,5429
L10,12035,A16,C30,B24,PCS,D,C10,10,917,171,5725
L10,17886,A15,C30,B24,PCS,D,C03,10,977,32,6226
L10,12971,A19,C39,B22,PCS,D,C06,10,707,2,3140
L10,18711,A19,C30,B29,PCS,C,C02,10,958,199,5601
L10,14923,A18,C40,B30,PCS,C,C05,10,983,30,5690
L10,10582,A20,C35,B25,PCS,C,C04,10,892,64,4085
L10,15750,A10,C40,B23,PCS,C,C04,10,888,52,4674
L10,17460,A20,C32,B25,PCS,C,C05,10,927,135,4838
L10,17146,A20,C35,B24,PCS,C,C01,10,914,56,4769
L10,18342,A18,C36,B21,PCS,D,C03,10,763,53,4541
L10,12309,A15,C40,B29,PCS,D,C10,10,977,18,6031
L10,14015,A19,C37,B20,PCS,C,C01,10,830,67,4759
L10,19625,A19,C32,B22,PCS,D,C01,10,974,16,5320
L10,12560,A14,C31,B27,PCS,D,C01,10,993,37,5123
L10,10140,A16,C30,B21,PCS,D,C01,10,960,63,5137
L10,16876,A15,C40,B25,PCS,C,C05,10,971,138,4268
L10,12152,A13,C31,B29,PCS,C,C04,10,983,42,5266
L10,14343,A16,C30,B28,PCS,D,C05,10,769,155,4871
L10,11408,A20,C30,B28,PCS,C,C09,10,912,5,5586
L10,10189,A14,C34,B21,PCS,D,C07,10,939,152,6128
L10,15595,A18,C35,B22,PCS,C,C05,10,817,56,5277
L10,11515,A10,C37,B23,PCS,D,C02,10,977,4,4713
L10,16506,A19,C37,B29,PCS,C,C07,10,896,40,4669
L10,19590,A16,C30,B21,PCS,C,C09,10,989,55,6112
L10,13935,A16,C37,B23,PCS,C,C08,10,929,4,4201
L10,17852,A17,C39,B22,PCS,C,C07,10,999,311,6240
L10,11646,A14,C33,B24,PCS,D,C10,10,752,66,3996
L10,15950,A15,C30,B27,PCS,D,C05,10,967,38,5560
L10,17711,A15,C30,B20,PCS,C,C03,10,890,4,3439
L10,12814,A16,C32,B28,PCS,C,C05,10,922,5,3539
L10,13834,A10,C39,B22,PCS,D,C09,10,850,60,5312
L10,12906,A18,C39,B27,PCS,C,C01,10,969,120,4365
L10,19415,A13,C34,B27,PCS,C,C03,10,770,105,3958
L10,18182,A10,C31,B23,PCS,D,C03,10,951,32,6161
L10,10645,A18,C37,B28,PCS,D,C08,10,894,77,5262
L10,16208,A14,C31,B24,PCS,D,C05,10,804,128,4386
L10,19397,A16,C37,B30,PCS,C,C06,10,870,79,4645
L10,16422,A19,C33,B26,PCS,D,C01,10,733,67,3790
L10,12463,A11,C37,B20,PCS,D,C06,10,835,233,6140
L10,10687,A15,C37,B28,PCS,D,C09,10,871,70,5217
L10,12254,A16,C30,B21,PCS,C,C04,10,937,6,4318
L10,10731,A11,C36,B21,PCS,D,C01,10,872,113,5499
L10,12071,A19,C35,B22,PCS,C,C01,10,938,90,4182
L10,16871,A15,C30,B30,PCS,D,C05,10,956,153,6909
L10,12934,A10,C38,B23,PCS,C,C02,10,990,190,5953
L10,14325,A19,C34,B23,PCS,D,C06,10,991,84,6393
L10,18232,A11,C39,B29,PCS,C,C01,10,990,69,5664
L10,17471,A15,C36,B28,PCS,C,C05,10,918,243,5454
L10,16440,A17,C36,B28,PCS,C,C07,10,787,87,4059
L10,19742,A17,C33,B20,PCS,D,C07,10,965,15,3032
L10,11787,A10,C39,B21,PCS,D,C07,10,996,111,6345
L10,14829,A17,C39,B30,PCS,D,C01,10,890,207,5997
L10,13351,A19,C37,B22,PCS,C,C07,10,918,2,5576
L10,14649,A16,C35,B21,PCS,C,C10,10,633,25,2727
L10,11196,A14,C38,B25,PCS,C,C07,10,890,229,5468
L10,12979,A16,C33,B27,PCS,C,C06,10,758,41,3929
L10,14874,A14,C36,B21,PCS,C,C01,10,855,1,3513
L10,16397,A16,C31,B24,PCS,C,C04,10,925,177,6967
L10,18525,A14,C30,B22,PCS,C,C04,10,835,94,4190
L10,13333,A19,C30,B23,PCS,D,C06,10,983,272,7675
L10,16532,A16,C37,B28,PCS,D,C10,10,988,78,3865
L10,10372,A17,C38,B30,PCS,C,C07,10,905,13,5219
L10,11261,A15,C33,B28,PCS,D,C08,10,949,92,5322
L10,13238,A18,C38,B20,PCS,C,C09,10,960,143,5499
L10,10752,A13,C32,B29,PCS,C,C01,10,997,20,5656
L10,17247,A20,C40,B26,PCS,D,C03,10,908,232,4923
L10,19303,A11,C35,B23,PCS,C,C10,10,935,64,5043
L10,11071,A15,C33,B22,PCS,C,C01,10,953,32,5530
L10,19041,A11,C35,B23,PCS,C,C04,10,996,170,6372
L10,19278,A16,C31,B29,PCS,C,C10,10,895,94,4283
L10,16315,A12,C38,B30,PCS,C,C09,10,851,26,3966
L10,14454,A20,C40,B20,PCS,C,C09,10,966,10,4963
L10,19793,A20,C32,B30,PCS,C,C08,10,943,130,5284
L10,11722,A17,C38,B27,PCS,C,C03,10,985,161,4982
L10,12341,A16,C38,B22,PCS,D,C10,10,988,8,5955
L10,14414,A16,C38,B22,PCS,C,C09,10,993,30,4681
L10,19135,A18,C34,B24,PCS,D,C06,10,966,94,5401
L10,10176,A16,C40,B21,PCS,C,C09,10,928,244,6736
L10,15306,A15,C32,B26,PCS,D,C05,10,891,46,4406
L10,16979,A11,C38,B30,PCS,C,C09,10,928,71,5424
L10,11771,A18,C37,B26,PCS,D,C06,10,992,48,4779
L10,11272,A19,C36,B22,PCS,C,C01,10,865,122,5381
L10,14841,A11,C35,B29,PCS,C,C03,10,963,4,4898
L10,16948,A13,C35,B21,PCS,D,C08,10,723,126,4016
L10,19033,A13,C33,B24,PCS,C,C03,10,816,246,5069
L10,16833,A15,C34,B22,PCS,C,C01,10,832,2,4215
L10,14893,A12,C32,B20,PCS,D,C04,10,974,46,5429
L10,16250,A13,C38,B29,PCS,C,C08,10,966,128,5417
L10,11245,A17,C36,B21,PCS,D,C01,10,871,30,4566
L10,14751,A13,C35,B23,PCS,C,C04,10,949,125,5409
L10,15819,A17,C33,B26,PCS,C,C05,10,956,92,5382
L10,16726,A15,C31,B27,PCS,D,C02,10,974,228,6762
L10,12107,A10,C38,B30,PCS,C,C08,10,929,15,4290
L10,16759,A12,C30,B30,PCS,D,C04,10,860,48,5171
L10,11270,A10,C31,B29,PCS,D,C01,10,777,100,4589
L10,19852,A10,C37,B30,PCS,C,C01,10,662,9,3295
L10,11101,A10,C30,B23,PCS,D,C02,10,883,185,5921
L10,14459,A19,C37,B20,PCS,C,C02,10,612,31,3598
L10,16656,A13,C32,B27,PCS,C,C06,10,704,1,3336
L10,17946,A15,C37,B27,PCS,C,C04,10,862,123,5564
L10,11854,A11,C34,B24,PCS,C,C02,10,825,249,6166
L10,12955,A16,C35,B22,PCS,D,C04,10,905,1,3771
L10,16762,A16,C31,B20,PCS,C,C08,10,972,55,4055
L10,19324,A17,C36,B28,PCS,C,C05,10,958,117,4603
L10,12624,A12,C32,B23,PCS,C,C10,10,914,102,5721
L10,11913,A14,C31,B22,PCS,C,C08,10,937,54,5748
L10,14102,A12,C30,B24,PCS,C,C08,10,692,22,3872
L10,11491,A20,C37,B20,PCS,D,C07,10,844,81,5549
L10,18824,A11,C34,B24,PCS,C,C05,10,953,92,5683
L10,19136,A19,C32,B27,PCS,C,C03,10,971,29,6030
L10,19269,A15,C32,B21,PCS,D,C07,10,920,83,4268
L10,12813,A16,C31,B20,PCS,C,C03,10,930,37,4776
L10,15276,A17,C30,B21,PCS,D,C09,10,825,50,3611
L10,18052,A16,C34,B26,PCS,D,C04,10,921,48,5205
L10,18725,A15,C30,B28,PCS,C,C02,10,951,2,5161
L10,11060,A11,C34,B29,PCS,D,C07,10,823,16,4427
L10,15261,A11,C34,B20,PCS,C,C04,10,973,16,3045
L10,10408,A18,C37,B23,PCS,D,C06,10,981,199,6018
L10,15724,A13,C30,B30,PCS,D,C02,10,823,91,4164
L10,14414,A15,C35,B28,PCS,C,C08,10,849,297,5595
L10,16803,A19,C35,B27,PCS,C,C09,10,907,185,5796
L10,19791,A20,C33,B30,PCS,C,C02,10,963,56,4455
L10,13248,A10,C33,B20,PCS,D,C05,10,951,137,5985
L10,11591,A10,C33,B21,PCS,C,C02,10,857,23,5560
L10,13398,A14,C33,B29,PCS,D,C08,10,953,69,5782
L10,14787,A12,C34,B24,PCS,C,C09,10,930,21,5446
L10,17872,A15,C35,B30,PCS,C,C02,10,916,75,6816
L10,19638,A10,C35,B25,PCS,C,C09,10,801,283,5868
L10,19577,A19,C33,B26,PCS,C,C09,10,910,16,4340
L10,15570,A16,C34,B24,PCS,C,C01,10,996,32,4768
L10,16358,A11,C31,B22,PCS,C,C05,10,896,32,4978
L10,11560,A11,C38,B22,PCS,C,C10,10,948,263,5812
L10,13353,A17,C34,B20,PCS,C,C07,10,977,73,5685
L10,16875,A10,C33,B25,PCS,D,C03,10,892,27,4131
L10,13526,A14,C30,B23,PCS,D,C05,10,903,71,3525
L10,18219,A12,C34,B21,PCS,C,C05,10,970,215,5525
L10,19788,A20,C36,B28,PCS,D,C08,10,959,86,5090
L10,12573,A10,C37,B27,PCS,D,C01,10,953,69,6170
L10,12640,A15,C38,B30,PCS,D,C06,10,951,40,4097
L10,11715,A18,C37,B27,PCS,C,C02,10,894,107,5808
L10,16248,A10,C35,B25,PCS,D,C01,10,846,109,5151
L10,16745,A17,C34,B30,PCS,C,C05,10,949,159,5680
L10,15618,A17,C30,B29,PCS,C,C09,10,887,160,5762
L10,10357,A16,C38,B23,PCS,D,C06,10,992,41,4172
L10,11146,A13,C38,B25,PCS,C,C09,10,866,101,5195
L10,17661,A13,C33,B20,PCS,D,C05,10,894,33,4501
L10,12174,A17,C31,B26,PCS,C,C09,10,957,183,6621
L10,13400,A10,C33,B21,PCS,C,C10,10,857,169,5726
L10,15644,A20,C39,B22,PCS,D,C04,10,968,68,5483
L10,13602,A11,C38,B30,PCS,D,C08,10,960,233,5344
L10,17988,A19,C39,B24,PCS,D,C08,10,920,368,6287
L10,13030,A13,C30,B23,PCS,D,C02,10,861,154,5912
L10,14756,A14,C40,B21,PCS,C,C05,10,793,66,3479
L10,19079,A13,C36,B24,PCS,D,C06,10,953,27,5256
L10,14468,A15,C30,B29,PCS,C,C08,10,956,92,5543
L10,11735,A13,C39,B21,PCS,D,C01,10,756,91,4378
L10,15409,A20,C40,B26,PCS,C,C10,10,997,49,5794
L10,17632,A16,C38,B30,PCS,D,C01,10,908,43,5237
L10,13412,A17,C32,B29,PCS,D,C02,10,960,261,7069
L10,16532,A18,C40,B26,PCS,D,C07,10,952,29,4808
L10,18675,A19,C39,B29,PCS,C,C09,10,968,26,3382
L10,18255,A17,C35,B27,PCS,C,C06,10,985,400,6567
L10,10501,A10,C30,B20,PCS,C,C08,10,887,44,4888
L10,16215,A13,C33,B23,PCS,D,C03,10,893,8,4486
L10,17946,A15,C38,B22,PCS,D,C04,10,945,113,5835
L10,11522,A15,C34,B27,PCS,D,C07,10,985,16,3527
L10,16911,A20,C37,B28,PCS,D,C07,10,813,106,4314
L10,10063,A14,C39,B23,PCS,D,C06,10,907,5,3823
L10,10340,A17,C38,B22,PCS,D,C07,10,984,147,5936
L10,16461,A10,C38,B28,PCS,C,C06,10,999,75,4486
L10,18030,A14,C37,B20,PCS,D,C07,10,949,3,4245
L10,19196,A13,C32,B25,PCS,C,C07,10,861,78,4695
L10,14215,A19,C38,B25,PCS,C,C08,10,954,20,5803
L10,11378,A17,C36,B26,PCS,D,C09,10,876,119,4561
L10,12967,A15,C38,B28,PCS,C,C10,10,994,54,4345
L10,18757,A17,C32,B26,PCS,C,C06,10,889,67,4623
L10,17367,A12,C34,B25,PCS,C,C05,10,975,58,4138
L10,13967,A14,C35,B30,PCS,D,C04,10,915,23,4416
L10,17760,A10,C30,B20,PCS,C,C06,10,912,119,5309
L10,10260,A17,C38,B22,PCS,D,C07,10,998,216,5860
L10,19800,A20,C33,B23,PCS,C,C06,10,812,103,4774
L10,14353,A18,C37,B26,PCS,C,C01,10,886,163,6224
L10,17523,A17,C37,B20,PCS,C,C06,10,985,16,4853
L10,11929,A14,C40,B28,PCS,D,C02,10,981,15,5374
L10,13587,A11,C38,B20,PCS,D,C09,10,989,96,5264
L10,12074,A15,C40,B25,PCS,D,C10,10,989,19,4889
L10,10584,A16,C34,B21,PCS,D,C06,10,976,32,5545
L10,10598,A10,C31,B30,PCS,C,C07,10,855,210,4888
L10,11610,A11,C40,B29,PCS,C,C03,10,997,81,5464
L10,15618,A18,C33,B30,PCS,C,C10,10,911,186,5792
L10,19329,A18,C38,B29,PCS,C,C01,10,882,64,4586
L10,10661,A18,C33,B23,PCS,C,C08,10,926,39,3885
L10,12056,A10,C34,B29,PCS,D,C05,10,780,73,3718
L10,17258,A10,C33,B23,PCS,D,C03,10,989,28,4301
L10,11548,A14,C31,B23,PCS,D,C09,10,994,291,6325
L10,10457,A17,C30,B25,PCS,D,C01,10,958,35,4366
L10,14409,A10,C38,B23,PCS,C,C01,10,779,108,3700
L10,17622,A15,C35,B25,PCS,C,C03,10,880,28,5138
L10,12920,A18,C36,B26,PCS,D,C07,10,900,360,6145
L10,13004,A18,C37,B27,PCS,C,C02,10,982,57,5772
L10,19837,A11,C38,B21,PCS,C,C03,10,974,1,4992
L10,14097,A20,C37,B28,PCS,D,C02,10,929,147,6392
L10,17294,A11,C34,B21,PCS,D,C04,10,879,110,6005
L10,10699,A14,C30,B28,PCS,C,C06,10,968,250,4943
L10,12121,A14,C36,B25,PCS,C,C03,3,746,608,2081
L10,18050,A14,C37,B20,PCS,D,C01,10,902,77,5783
L10,11074,A20,C31,B29,PCS,D,C08,10,936,184,5737
L10,14976,A11,C39,B28,PCS,D,C05,10,819,166,5684
L10,11044,A17,C36,B27,PCS,C,C06,10,805,28,3942
L10,13057,A15,C34,B21,PCS,C,C05,10,906,152,5542
L10,19251,A15,C38,B27,PCS,D,C05,10,918,27,5918
L10,19974,A18,C37,B27,PCS,D,C05,10,950,179,5572
L10,11467,A20,C35,B20,PCS,D,C03,10,970,187,5813
L10,19167,A17,C32,B21,PCS,D,C02,10,985,62,6115
L10,13146,A17,C35,B21,PCS,C,C01,10,939,117,5663
L10,14486,A14,C34,B25,PCS,D,C04,10,940,56,5479
L10,17889,A15,C31,B22,PCS,C,C08,10,778,105,5260
L10,19003,A12,C31,B27,PCS,C,C03,10,928,127,5662
L10,17496,A16,C37,B20,PCS,C,C10,10,948,56,4165
L10,18085,A18,C34,B29,PCS,D,C06,10,858,69,5472
L10,11053,A19,C38,B29,PCS,C,C06,10,844,254,4918
L10,11675,A16,C37,B23,PCS,D,C08,10,914,46,5289
L10,14377,A11,C36,B23,PCS,D,C07,10,986,76,5653
L10,17741,A13,C31,B22,PCS,C,C05,10,952,187,5935
L10,11458,A16,C36,B28,PCS,C,C06,10,855,109,4863
L10,12707,A15,C32,B23,PCS,D,C02,10,999,43,4704
L10,15400,A10,C37,B21,PCS,C,C08,10,998,85,5005
L10,11110,A14,C36,B23,PCS,D,C02,10,915,13,5212
L10,14771,A12,C36,B23,PCS,D,C02,10,855,307,6077
L10,15568,A12,C37,B20,PCS,D,C04,10,900,142,4704
L10,10670,A11,C39,B22,PCS,D,C04,10,815,75,4536
L10,18574,A14,C34,B24,PCS,D,C06,10,884,47,5105
L10,13129,A10,C36,B25,PCS,D,C04,10,961,108,4793
L10,18806,A12,C33,B22,PCS,D,C07,10,860,44,5301
L10,13751,A18,C39,B21,PCS,D,C04,10,867,48,5022
L10,19073,A11,C31,B20,PCS,D,C06,10,953,14,4615
L10,11218,A17,C34,B23,PCS,C,C10,10,982,34,4055
L10,11252,A13,C37,B24,PCS,D,C07,10,932,269,6443
L10,18613,A20,C32,B30,PCS,D,C09,10,885,221,6274
L10,14186,A14,C31,B24,PCS,C,C02,10,951,70,7086
L10,15369,A10,C34,B23,PCS,D,C04,10,891,89,3621
L10,17641,A10,C33,B25,PCS,C,C08,10,874,33,3790
L10,12811,A17,C30,B23,PCS,C,C07,10,934,58,4636
L10,17568,A19,C32,B29,PCS,D,C07,10,645,59,3273
L10,17299,A16,C32,B23,PCS,D,C08,10,987,73,4441
L10,12725,A12,C36,B26,PCS,D,C06,10,974,275,5737
L10,13871,A19,C30,B25,PCS,C,C06,10,668,116,3790
L10,13596,A16,C37,B23,PCS,D,C04,10,885,47,5094
L10,16041,A12,C33,B29,PCS,D,C01,10,993,123,5213
L10,10687,A18,C36,B27,PCS,D,C02,10,684,98,3610
L10,14408,A19,C37,B28,PCS,C,C04,10,970,23,3772
L10,17041,A14,C35,B22,PCS,D,C07,10,788,78,4571
L10,14392,A12,C36,B24,PCS,C,C09,10,951,128,4914
L10,18109,A12,C33,B21,PCS,D,C05,10,971,96,4902
L10,11810,A20,C37,B28,PCS,C,C03,10,786,2,3708
L10,14206,A19,C34,B23,PCS,C,C05,10,919,255,6661
L10,10402,A17,C34,B27,PCS,C,C10,10,875,322,5458
L10,19011,A11,C40,B28,PCS,C,C03,10,921,256,5910
L10,14356,A16,C30,B29,PCS,C,C04,10,760,32,4672
L10,15119,A11,C30,B30,PCS,D,C09,10,878,30,6320
L10,15616,A12,C35,B29,PCS,D,C05,10,957,7,4733
L10,19479,A20,C30,B25,PCS,D,C03,10,798,131,4402
L10,15463,A12,C31,B26,PCS,C,C01,10,799,24,4855
L10,16652,A20,C30,B30,PCS,C,C02,10,948,16,5407
L10,10351,A11,C36,B29,PCS,C,C02,10,973,82,5345
L10,10138,A17,C40,B28,PCS,D,C07,10,871,58,5334
L10,19283,A20,C32,B29,PCS,D,C08,10,884,15,4837
L10,11923,A18,C37,B26,PCS,D,C10,10,785,44,4276
L10,18404,A20,C35,B21,PCS,D,C10,10,821,162,4025
L10,14368,A12,C34,B26,PCS,D,C04,10,912,136,3579
L10,10594,A20,C31,B27,PCS,C,C01,10,815,11,3959
L10,13831,A10,C30,B21,PCS,D,C10,10,983,151,6112
L10,16376,A11,C40,B26,PCS,C,C06,10,850,129,4906
L10,17823,A14,C34,B23,PCS,D,C07,10,950,4,4667
L10,18349,A17,C37,B20,PCS,C,C06,10,920,153,6321
L10,19454,A12,C31,B22,PCS,D,C04,10,927,19,4363
L10,11102,A13,C36,B21,PCS,D,C06,10,937,119,5035
L10,13295,A14,C33,B26,PCS,D,C10,10,992,49,5876
L10,15822,A19,C35,B23,PCS,D,C06,10,954,72,4409
L10,13955,A11,C40,B20,PCS,D,C02,10,992,18,4109
L10,15864,A14,C31,B20,PCS,D,C05,10,990,119,6686
L10,17106,A15,C31,B20,PCS,C,C03,10,863,36,4480
L10,13717,A11,C34,B20,PCS,C,C06,10,958,115,4741
L10,11020,A18,C40,B21,PCS,D,C06,10,969,25,4421
L10,14263,A10,C40,B29,PCS,D,C02,10,880,288,5869
L10,15177,A20,C39,B28,PCS,C,C08,10,962,107,4701
L10,17634,A19,C37,B26,PCS,C,C07,10,943,216,6207
L10,18372,A11,C31,B22,PCS,D,C09,10,975,93,5720
L10,13706,A14,C30,B23,PCS,D,C03,10,844,96,4862
L10,15862,A14,C40,B21,PCS,D,C05,10,969,35,4134
L10,17974,A20,C35,B25,PCS,C,C03,10,833,50,4256
L10,15378,A10,C33,B24,PCS,C,C04,10,928,9,6555
L10,12871,A13,C36,B21,PCS,D,C02,10,998,45,5274
L10,12696,A16,C40,B28,PCS,D,C02,10,940,177,4685
L10,18723,A19,C30,B29,PCS,D,C06,10,870,47,4501
L10,17077,A10,C40,B25,PCS,C,C09,10,994,246,4945
L10,18119,A17,C33,B26,PCS,D,C03,10,983,77,5760
L10,10221,A19,C33,B22,PCS,C,C09,10,976,67,5795
L10,12973,A14,C33,B25,PCS,C,C08,10,996,116,5295
L10,11582,A14,C37,B30,PCS,C,C05,10,903,42,4291
L10,10298,A13,C37,B20,PCS,C,C05,10,898,78,5472
L10,19716,A17,C31,B30,PCS,D,C06,10,853,147,5689
L10,15440,A12,C31,B28,PCS,C,C03,10,863,37,4539
L10,16786,A10,C40,B27,PCS,D,C09,10,986,168,6486
L10,12803,A16,C35,B24,PCS,D,C05,10,893,103,5382
L10,18626,A12,C40,B26,PCS,C,C01,10,927,35,5130
L10,15731,A20,C31,B27,PCS,C,C06,10,868,250,6242
L10,17279,A17,C37,B26,PCS,D,C10,10,929,249,5998
L10,15594,A11,C38,B27,PCS,D,C09,10,929,109,4445
L10,16560,A12,C31,B26,PCS,C,C09,10,883,26,3891
L10,19006,A14,C39,B20,PCS,C,C04,10,880,243,5510
L10,17538,A11,C31,B22,PCS,C,C01,10,943,125,4873
L10,12081,A10,C36,B22,PCS,D,C07,10,918,26,5081
L10,12342,A17,C31,B20,PCS,D,C06,10,793,215,5010
L10,18727,A10,C35,B22,PCS,D,C08,10,873,82,5073
L10,15998,A18,C38,B24,PCS,D,C05,10,994,77,4491
L10,11089,A14,C35,B28,PCS,C,C09,10,931,26,5374
L10,16825,A17,C40,B20,PCS,D,C09,10,926,39,4151
L10,19875,A14,C40,B23,PCS,D,C06,10,995,68,5429
L10,11629,A19,C39,B24,PCS,D,C08,10,998,114,5557
L10,16059,A19,C33,B29,PCS,D,C07,10,932,111,4481
L10,12710,A15,C38,B30,PCS,C,C10,10,778,195,5089
L10,13374,A16,C34,B22,PCS,D,C03,10,882,66,4113
L10,15057,A12,C39,B28,PCS,D,C10,10,896,77,5230
L10,15965,A19,C38,B26,PCS,C,C10,10,854,42,4409
L10,19425,A16,C34,B30,PCS,D,C03,10,975,123,5875
L10,18617,A12,C34,B28,PCS,D,C10,10,964,23,4181
L10,13307,A12,C31,B21,PCS,C,C01,10,960,275,5163
L10,18983,A13,C37,B23,PCS,C,C10,10,914,26,5579
L10,18410,A12,C35,B23,PCS,D,C07,10,943,41,6988
L10,17211,A13,C30,B24,PCS,D,C09,10,987,44,4508
L10,12832,A13,C38,B22,PCS,C,C06,10,935,326,6293
L10,19780,A15,C30,B24,PCS,C,C05,10,923,178,5370
L10,19438,A20,C31,B30,PCS,D,C03,10,798,36,3663
L10,15223,A17,C31,B29,PCS,D,C04,10,969,115,5638
L10,16781,A19,C35,B21,PCS,C,C04,10,896,41,3566
L10,16961,A19,C38,B22,PCS,D,C10,10,979,265,7103
L10,19275,A11,C30,B26,PCS,D,C01,10,877,47,4385
L10,18940,A18,C35,B29,PCS,D,C02,10,885,165,5909
L10,10829,A12,C30,B22,PCS,C,C09,10,940,34,5387
L10,17636,A12,C35,B23,PCS,D,C03,10,983,205,6758
L10,11002,A13,C35,B20,PCS,C,C01,10,993,68,7174
L10,12303,A16,C34,B22,PCS,D,C06,10,962,39,4147
L10,15523,A12,C30,B24,PCS,D,C06,10,997,13,5450
L10,18135,A14,C35,B20,PCS,C,C02,10,987,172,6099
L10,17440,A11,C35,B22,PCS,D,C09,10,988,122,5695
L10,11277,A17,C40,B26,PCS,C,C09,10,976,19,5230
L10,13239,A16,C34,B23,PCS,C,C04,10,973,172,6560
L10,16629,A14,C31,B24,PCS,C,C05,10,856,4,3311
L10,12382,A20,C30,B24,PCS,D,C02,10,901,51,4662
L10,12902,A13,C36,B24,PCS,D,C09,10,923,166,5887
L10,19607,A10,C39,B23,PCS,D,C02,10,902,45,4854
L10,13107,A11,C31,B20,PCS,D,C09,10,895,23,4696
L10,15129,A14,C34,B29,PCS,C,C01,10,945,39,5497
L10,17946,A14,C31,B21,PCS,C,C07,10,987,4,5873
L10,19880,A10,C39,B29,PCS,D,C09,10,934,289,6164
L10,13392,A18,C36,B30,PCS,D,C06,10,858,26,5001
L10,19137,A16,C36,B28,PCS,C,C10,10,953,17,6053
L10,17930,A16,C33,B21,PCS,D,C04,10,957,123,5660
L10,13723,A11,C34,B30,PCS,C,C05,10,779,111,4475
L10,16297,A14,C37,B29,PCS,D,C04,10,980,217,6780
L10,18663,A10,C38,B28,PCS,D,C06,10,935,168,4821
L10,16998,A20,C31,B26,PCS,D,C08,10,969,282,6545
L10,16507,A16,C38,B30,PCS,C,C10,10,923,199,6456
L10,15660,A13,C32,B23,PCS,D,C05,10,927,2,4705
L10,16809,A19,C30,B21,PCS,D,C02,10,893,97,5919
L10,10141,A20,C30,B27,PCS,C,C09,10,983,96,6370
L10,19794,A14,C37,B22,PCS,D,C10,10,985,14,3797
L10,13715,A11,C37,B26,PCS,D,C05,10,921,71,5766
L10,10124,A13,C37,B22,PCS,D,C05,10,908,7,5727
L10,19307,A14,C40,B22,PCS,D,C02,10,866,28,5432
L10,12247,A11,C30,B20,PCS,C,C01,10,925,371,6613
L10,10382,A13,C32,B29,PCS,D,C09,10,901,24,4080
L10,14149,A12,C39,B25,PCS,D,C07,10,968,53,4229
L10,15119,A12,C39,B23,PCS,C,C07,10,975,381,6693
L10,15935,A11,C33,B28,PCS,D,C06,10,918,121,5105
L10,10467,A20,C35,B25,PCS,C,C06,10,929,138,5192
L10,11834,A13,C35,B27,PCS,C,C08,10,969,84,4921
L10,18145,A14,C33,B26,PCS,C,C07,10,660,189,4905
L10,19126,A17,C35,B26,PCS,D,C08,10,655,64,4084
L10,19113,A13,C38,B22,PCS,C,C03,10,881,55,4347
L10,14908,A13,C37,B21,PCS,C,C03,10,945,21,5436
L10,19160,A11,C37,B24,PCS,C,C10,10,471,17,2125
L10,13880,A12,C33,B21,PCS,D,C06,10,972,48,4966
L10,16184,A14,C30,B29,PCS,D,C09,10,944,194,5304
L10,17781,A17,C36,B26,PCS,D,C04,10,943,5,5307
L10,11617,A11,C35,B29,PCS,D,C07,10,986,37,5305
L10,10472,A16,C34,B22,PCS,D,C01,10,861,265,5019
L10,19395,A10,C34,B20,PCS,C,C01,10,966,22,5180
