Batch,Command,Start Time,Second,Command Setting,S Partition,E Partition,S Column,E Column,S Row,E Row,Error Message
0,Get_CSV_Partition_Address,09:03:48,0,"Inbox/Master.csv",0,1,0,3,0,0,""
0,Read_CSV,09:03:48,0,"Inbox/Master.csv",1,1,3,3,0,0,""
0,Filter,09:03:48,0.001,"Style(=F)",1,1,3,3,7200,900,""
0,Build_Key_Value,09:03:48,0,"Product, Style => Table(key_value)",1,1,3,3,900,900,""
0,Get_CSV_Partition_Address,09:03:48,0.039,"Inbox/37M_Fact.csv",0,183,0,5,0,0,""
0,Read_CSV,09:03:48,0.343,"Inbox/37M_Fact.csv",100,100,5,5,0,0,""
0,Filter,09:03:48,0.268,"Shop(S77..S78)",100,100,5,5,20235466,443240,""
0,Join_Key_Value,09:03:49,0.017,"Product, Style => Inner(key_value)",100,100,5,6,443240,62000,""
0,Add_Column,09:03:49,0.005,"Quantity, Unit_Price => Multiply(Amount)",100,100,6,7,62000,62000,""
0,Filter,09:03:49,0.002,"Amount:Float(>100000)",100,100,7,7,62000,560,""
0,Append_CSV,09:03:49,0,"Outbox/Peakpy-Detail-Result0-37M_Fact.csv",100,1,7,7,560,560,""
0,Group_By,09:03:49,0.007,"Shop, Product => Count() Sum(Quantity) Sum(Amount)",100,1,7,5,560,26,""
0,Final_Group_By,09:03:49,0,"Shop, Product => Sum(Count) Sum(Quantity) Sum(Amount)",1,1,5,5,26,26,""
0,Write_CSV,09:03:49,0,"Outbox/Peakpy-Summary-Result0-37M_Fact.csv",1,1,5,5,26,26,""
1,Read_CSV,09:03:49,0.317,"Inbox/37M_Fact.csv",83,83,5,5,0,0,""
1,Filter,09:03:49,0.228,"Shop(S77..S78)",83,83,5,5,16764534,376754,""
1,Join_Key_Value,09:03:49,0.016,"Product, Style => Inner(key_value)",83,83,5,6,376754,52700,""
1,Add_Column,09:03:49,0.013,"Quantity, Unit_Price => Multiply(Amount)",83,83,6,7,52700,52700,""
1,Filter,09:03:49,0.002,"Amount:Float(>100000)",83,83,7,7,52700,476,""
1,Append_CSV,09:03:49,0,"Outbox/Peakpy-Detail-Result0-37M_Fact.csv",83,1,7,7,476,476,""
1,Group_By,09:03:49,0.005,"Shop, Product => Count() Sum(Quantity) Sum(Amount)",83,1,7,5,476,26,""
0,Final_Group_By,09:03:49,0,"Shop, Product => Sum(Count) Sum(Quantity) Sum(Amount)",2,1,5,5,52,26,""
0,Write_CSV,09:03:49,0,"Outbox/Peakpy-Summary-Result0-37M_Fact.csv",1,1,5,5,26,26,""
