Batch,Command,Start Time,Second,Command Setting,S Partition,E Partition,S Column,E Column,S Row,E Row,Error Message
0,Get_CSV_Partition_Address,09:04:42,0,"Inbox/Master.csv",0,1,0,3,0,0,""
0,Read_CSV,09:04:42,0,"Inbox/Master.csv",1,1,3,3,0,0,""
0,Filter,09:04:42,0.001,"Style(=F)",1,1,3,3,7200,900,""
0,Build_Key_Value,09:04:42,0,"Product, Style => Table(key_value)",1,1,3,3,900,900,""
0,Get_CSV_Partition_Address,09:04:42,0.006,"Inbox/53M_Fact.csv",0,262,0,5,0,0,""
0,Read_CSV,09:04:42,0.161,"Inbox/53M_Fact.csv",100,100,5,5,0,0,""
0,Filter,09:04:42,0.306,"Shop(S77..S78)",100,100,5,5,20235466,443240,""
0,Join_Key_Value,09:04:43,0.019,"Product, Style => Inner(key_value)",100,100,5,6,443240,62000,""
0,Add_Column,09:04:43,0.007,"Quantity, Unit_Price => Multiply(Amount)",100,100,6,7,62000,62000,""
0,Filter,09:04:43,0.002,"Amount:Float(>100000)",100,100,7,7,62000,560,""
0,Append_CSV,09:04:43,0,"Outbox/Peakrs-Detail-Result-53M_Fact.csv",100,1,7,7,560,560,""
0,Group_By,09:04:43,0.008,"Shop, Product => Count() Sum(Quantity) Sum(Amount)",100,1,7,5,560,26,""
1,Read_CSV,09:04:43,0.149,"Inbox/53M_Fact.csv",100,100,5,5,0,0,""
1,Filter,09:04:43,0.284,"Shop(S77..S78)",100,100,5,5,20235448,443240,""
1,Join_Key_Value,09:04:43,0.02,"Product, Style => Inner(key_value)",100,100,5,6,443240,62000,""
1,Add_Column,09:04:43,0.005,"Quantity, Unit_Price => Multiply(Amount)",100,100,6,7,62000,62000,""
1,Filter,09:04:43,0.003,"Amount:Float(>100000)",100,100,7,7,62000,560,""
1,Append_CSV,09:04:43,0,"Outbox/Peakrs-Detail-Result-53M_Fact.csv",100,1,7,7,560,560,""
1,Group_By,09:04:43,0.007,"Shop, Product => Count() Sum(Quantity) Sum(Amount)",100,1,7,5,560,26,""
2,Read_CSV,09:04:43,0.091,"Inbox/53M_Fact.csv",62,62,5,5,0,0,""
2,Filter,09:04:43,0.171,"Shop(S77..S78)",62,62,5,5,12529086,288106,""
2,Join_Key_Value,09:04:44,0.012,"Product, Style => Inner(key_value)",62,62,5,6,288106,40300,""
2,Add_Column,09:04:44,0.011,"Quantity, Unit_Price => Multiply(Amount)",62,62,6,7,40300,40300,""
2,Filter,09:04:44,0.001,"Amount:Float(>100000)",62,62,7,7,40300,364,""
2,Append_CSV,09:04:44,0,"Outbox/Peakrs-Detail-Result-53M_Fact.csv",62,1,7,7,364,364,""
2,Group_By,09:04:44,0.004,"Shop, Product => Count() Sum(Quantity) Sum(Amount)",62,1,7,5,364,26,""
0,Final_Group_By,09:04:44,0,"Shop, Product => Sum(Count) Sum(Quantity) Sum(Amount)",3,1,5,5,78,26,""
0,Write_CSV,09:04:44,0.005,"Outbox/Peakrs-Summary-Result-53M_Fact.csv",1,1,5,5,26,26,""
