Ledger,Account,PartNo,Contact,Project,Unit Code,D/C,Currency
L10,14328,A15,C30,B22,PCS,D,C07
L10,18182,A12,C39,B30,PCS,D,C02
L10,10661,A18,C33,B23,PCS,C,C08
L10,15122,A12,C39,B30,PCS,C,C03
L10,15263,A10,C38,B30,PCS,D,C07
L10,10501,A10,C30,B20,PCS,C,C08
L10,15031,A17,C37,B20,PCS,C,C05
L10,19178,A13,C35,B28,PCS,C,C06
L10,14671,A18,C34,B22,PCS,D,C05
L10,17760,A10,C30,B20,PCS,C,C06
L10,19303,A11,C35,B23,PCS,C,C10
L10,15383,A17,C39,B24,PCS,C,C06
L10,19324,A17,C36,B28,PCS,C,C05
L10,14770,A15,C30,B23,PCS,C,C08
L10,11722,A17,C38,B27,PCS,C,C03
L10,10700,A11,C39,B22,PCS,C,C07
L10,10309,A18,C38,B20,PCS,D,C09
L10,13109,A10,C32,B25,PCS,D,C06
L10,18593,A12,C33,B24,PCS,D,C05
L10,19222,A10,C36,B26,PCS,D,C04
L10,18268,A10,C34,B25,PCS,C,C08
L10,10925,A16,C30,B26,PCS,C,C10
L10,17876,A11,C38,B26,PCS,D,C03
L10,18372,A11,C31,B22,PCS,D,C09
L10,18806,A12,C33,B22,PCS,D,C07
L10,19097,A14,C33,B24,PCS,D,C10
L10,18092,A11,C31,B23,PCS,D,C10
L10,17270,A14,C34,B28,PCS,C,C09
L10,18774,A20,C40,B24,PCS,C,C08
L10,11270,A10,C31,B29,PCS,D,C01
L10,14991,A14,C33,B27,PCS,D,C07
L10,15435,A18,C39,B25,PCS,C,C03
L10,11935,A16,C32,B26,PCS,C,C03
L10,17258,A10,C33,B23,PCS,D,C03
L10,18052,A16,C34,B26,PCS,D,C04
L10,11275,A19,C31,B24,PCS,D,C08
L10,18059,A20,C38,B24,PCS,C,C04
L10,19225,A20,C33,B22,PCS,C,C08
L10,14649,A16,C35,B21,PCS,C,C10
L10,12300,A16,C37,B25,PCS,C,C04
L10,12641,A18,C35,B29,PCS,C,C04
L10,17705,A13,C40,B24,PCS,C,C03
L10,19332,A12,C35,B21,PCS,D,C01
L10,10866,A15,C34,B30,PCS,D,C05
L10,12058,A14,C37,B29,PCS,D,C03
L10,16201,A10,C32,B22,PCS,D,C03
L10,16647,A13,C36,B23,PCS,D,C06
L10,10709,A18,C32,B21,PCS,C,C08
L10,14399,A12,C36,B25,PCS,D,C07
L10,13771,A17,C37,B23,PCS,C,C04
L10,16444,A14,C36,B26,PCS,D,C10
L10,17112,A17,C34,B25,PCS,D,C07
L10,14215,A19,C38,B25,PCS,C,C08
L10,10296,A13,C39,B20,PCS,D,C05
L10,17471,A15,C36,B28,PCS,C,C05
L10,11277,A17,C40,B26,PCS,C,C09
L10,16507,A16,C38,B30,PCS,C,C10
L10,13351,A19,C37,B22,PCS,C,C07
L10,15276,A17,C30,B21,PCS,D,C09
L10,16652,A20,C30,B30,PCS,C,C02
L10,11742,A10,C39,B25,PCS,C,C06
L10,13403,A19,C36,B23,PCS,D,C02
L10,17802,A20,C35,B24,PCS,C,C05
L10,14186,A14,C31,B24,PCS,C,C02
L10,16506,A19,C37,B29,PCS,C,C07
L10,12056,A10,C34,B29,PCS,D,C05
L10,12832,A13,C38,B22,PCS,C,C06
L10,14409,A10,C38,B23,PCS,C,C01
L10,15440,A12,C31,B28,PCS,C,C03
L10,16041,A12,C33,B29,PCS,D,C01
L10,18237,A13,C36,B28,PCS,D,C04
L10,10279,A11,C38,B22,PCS,D,C04
L10,12285,A10,C34,B21,PCS,C,C08
L10,19321,A11,C40,B21,PCS,D,C10
L10,10124,A13,C37,B22,PCS,D,C05
L10,15408,A18,C39,B28,PCS,D,C07
L10,16128,A16,C36,B26,PCS,D,C08
L10,17367,A12,C34,B25,PCS,C,C05
L10,17876,A18,C40,B21,PCS,D,C05
L10,10716,A15,C35,B20,PCS,D,C07
L10,11645,A10,C35,B22,PCS,D,C03
L10,12624,A17,C31,B30,PCS,C,C02
L10,19441,A16,C33,B28,PCS,D,C04
L10,16871,A15,C30,B30,PCS,D,C05
L10,12673,A20,C38,B20,PCS,D,C04
L10,12551,A12,C31,B21,PCS,D,C05
L10,15917,A17,C30,B29,PCS,C,C10
L10,15965,A19,C38,B26,PCS,C,C10
L10,18478,A14,C38,B28,PCS,C,C05
L10,17641,A10,C33,B25,PCS,C,C08
L10,16215,A13,C33,B23,PCS,D,C03
L10,18663,A10,C38,B28,PCS,D,C06
L10,17661,A13,C33,B20,PCS,D,C05
L10,15021,A11,C35,B25,PCS,C,C08
L10,17641,A11,C32,B26,PCS,C,C07
L10,12696,A16,C40,B28,PCS,D,C02
L10,16961,A19,C38,B22,PCS,D,C10
L10,17472,A10,C32,B28,PCS,D,C09
L10,10883,A18,C35,B24,PCS,C,C03
L10,11203,A19,C36,B26,PCS,D,C03
L10,15938,A18,C30,B30,PCS,C,C01
L10,19840,A11,C36,B26,PCS,D,C06
L10,13967,A14,C35,B30,PCS,D,C04
L10,11020,A18,C40,B21,PCS,D,C06
L10,18016,A13,C37,B30,PCS,C,C09
L10,12174,A17,C31,B26,PCS,C,C09
L10,16986,A11,C32,B22,PCS,D,C08
L10,12382,A20,C30,B24,PCS,D,C02
L10,17263,A15,C38,B28,PCS,D,C09
L10,19012,A11,C33,B23,PCS,D,C05
L10,19853,A14,C35,B29,PCS,C,C06
L10,12573,A10,C37,B27,PCS,D,C01
L10,11146,A13,C38,B25,PCS,C,C09
L10,17457,A11,C31,B25,PCS,D,C05
L10,17568,A19,C32,B29,PCS,D,C07
L10,12305,A14,C36,B26,PCS,C,C09
L10,18711,A19,C30,B29,PCS,C,C02
L10,12556,A13,C35,B20,PCS,C,C05
L10,18525,A14,C30,B22,PCS,C,C04
L10,11434,A18,C36,B27,PCS,C,C05
L10,15054,A14,C38,B25,PCS,D,C04
L10,10645,A18,C37,B28,PCS,D,C08
L10,12421,A16,C36,B29,PCS,D,C10
L10,10682,A17,C37,B26,PCS,D,C02
L10,17476,A11,C33,B24,PCS,C,C10
L10,17763,A11,C31,B21,PCS,C,C01
L10,18933,A19,C32,B25,PCS,C,C02
L10,19753,A16,C38,B30,PCS,D,C05
L10,13146,A17,C35,B21,PCS,C,C01
L10,18410,A12,C35,B23,PCS,D,C07
L10,10901,A10,C39,B22,PCS,D,C03
L10,16998,A20,C31,B26,PCS,D,C08
L10,11352,A19,C34,B21,PCS,D,C10
L10,11929,A14,C40,B28,PCS,D,C02
L10,11240,A14,C30,B26,PCS,D,C10
L10,15819,A17,C33,B26,PCS,C,C05
L10,19777,A13,C33,B24,PCS,C,C01
L10,14727,A17,C39,B20,PCS,C,C01
L10,19753,A20,C33,B30,PCS,C,C03
L10,11570,A12,C36,B30,PCS,C,C01
L10,17391,A19,C36,B27,PCS,C,C08
L10,17870,A11,C30,B23,PCS,D,C10
L10,14284,A13,C33,B25,PCS,C,C10
L10,19972,A11,C35,B26,PCS,C,C06
L10,17497,A11,C37,B30,PCS,D,C06
L10,17946,A15,C37,B27,PCS,C,C04
L10,10364,A13,C37,B21,PCS,D,C05
L10,17959,A17,C37,B23,PCS,C,C04
L10,10396,A19,C32,B28,PCS,C,C07
L10,14097,A20,C37,B28,PCS,D,C02
L10,15261,A11,C34,B20,PCS,C,C04
L10,17146,A20,C35,B24,PCS,C,C01
L10,16831,A19,C35,B24,PCS,D,C02
L10,10006,A16,C30,B21,PCS,D,C07
L10,13412,A17,C32,B29,PCS,D,C02
L10,16397,A16,C31,B24,PCS,C,C04
L10,12560,A14,C31,B27,PCS,D,C01
L10,16615,A12,C35,B21,PCS,D,C08
L10,11844,A12,C36,B25,PCS,C,C09
L10,14796,A19,C35,B21,PCS,D,C06
L10,11187,A14,C38,B22,PCS,C,C10
L10,16422,A19,C33,B26,PCS,D,C01
L10,17859,A15,C30,B28,PCS,C,C04
L10,14893,A12,C32,B20,PCS,D,C04
L10,19742,A17,C33,B20,PCS,D,C07
L10,10690,A13,C37,B30,PCS,D,C02
L10,13301,A12,C32,B22,PCS,C,C09
L10,19577,A19,C33,B26,PCS,C,C09
L10,19840,A13,C37,B21,PCS,C,C05
L10,16486,A18,C35,B27,PCS,D,C03
L10,19625,A18,C38,B26,PCS,D,C07
L10,11800,A10,C34,B26,PCS,D,C05
L10,19880,A10,C39,B29,PCS,D,C09
L10,11600,A10,C40,B25,PCS,C,C03
L10,11854,A11,C34,B24,PCS,C,C02
L10,19548,A20,C39,B22,PCS,D,C08
L10,15129,A14,C34,B29,PCS,C,C01
L10,10687,A18,C36,B27,PCS,D,C02
L10,15660,A13,C32,B23,PCS,D,C05
L10,12031,A18,C34,B21,PCS,C,C10
L10,19584,A17,C34,B24,PCS,D,C06
L10,18085,A18,C34,B29,PCS,D,C06
L10,11617,A11,C35,B29,PCS,D,C07
L10,10890,A14,C39,B24,PCS,D,C01
L10,11997,A11,C33,B20,PCS,D,C09
L10,13340,A14,C39,B30,PCS,D,C05
L10,12902,A16,C40,B22,PCS,C,C01
L10,10293,A11,C35,B27,PCS,D,C01
L10,12867,A16,C32,B22,PCS,D,C07
L10,12341,A16,C38,B22,PCS,D,C10
L10,12839,A11,C31,B30,PCS,D,C08
L10,14653,A11,C30,B21,PCS,D,C08
L10,16979,A11,C38,B30,PCS,C,C09
L10,11610,A11,C40,B29,PCS,C,C03
L10,12899,A17,C39,B25,PCS,D,C09
L10,11346,A16,C38,B21,PCS,C,C01
L10,18871,A18,C36,B20,PCS,D,C01
L10,12548,A12,C36,B29,PCS,C,C01
L10,17114,A15,C39,B22,PCS,D,C02
L10,12034,A14,C36,B25,PCS,D,C05
L10,14465,A13,C40,B20,PCS,D,C05
L10,18456,A15,C38,B20,PCS,C,C04
L10,11923,A18,C37,B26,PCS,D,C10
L10,13124,A13,C34,B26,PCS,D,C07
L10,16803,A19,C35,B27,PCS,C,C09
L10,12643,A12,C38,B24,PCS,D,C01
L10,16765,A15,C38,B24,PCS,D,C09
L10,17823,A14,C34,B23,PCS,D,C07
L10,19126,A17,C35,B26,PCS,D,C08
L10,11515,A10,C37,B23,PCS,D,C02
L10,15400,A10,C37,B21,PCS,C,C08
L10,12311,A15,C36,B25,PCS,D,C04
L10,15568,A12,C37,B20,PCS,D,C04
L10,13264,A20,C33,B20,PCS,C,C06
L10,17945,A13,C30,B21,PCS,D,C08
L10,13307,A12,C31,B21,PCS,C,C01
L10,19271,A11,C32,B22,PCS,C,C04
L10,19275,A11,C30,B26,PCS,D,C01
L10,10408,A18,C37,B23,PCS,D,C06
L10,14478,A10,C38,B30,PCS,D,C07
L10,11166,A16,C34,B24,PCS,D,C06
L10,11353,A15,C32,B23,PCS,D,C01
L10,17870,A11,C32,B27,PCS,C,C10
L10,18528,A10,C32,B30,PCS,D,C05
L10,14306,A17,C30,B25,PCS,D,C04
L10,16801,A20,C35,B22,PCS,D,C01
L10,12878,A17,C35,B28,PCS,D,C02
L10,13423,A18,C38,B26,PCS,D,C03
L10,13379,A14,C38,B23,PCS,C,C10
L10,13775,A13,C30,B21,PCS,C,C09
L10,14333,A13,C35,B26,PCS,D,C05
L10,15611,A11,C38,B30,PCS,D,C09
L10,15724,A13,C30,B30,PCS,D,C02
L10,17368,A19,C33,B21,PCS,C,C02
L10,10750,A10,C33,B24,PCS,D,C03
L10,11131,A17,C39,B20,PCS,D,C08
L10,13831,A10,C30,B21,PCS,D,C10
L10,14763,A11,C32,B27,PCS,D,C07
L10,12340,A17,C32,B28,PCS,C,C08
L10,10462,A20,C37,B25,PCS,C,C03
L10,12920,A18,C36,B26,PCS,D,C07
L10,14883,A10,C36,B22,PCS,D,C10
L10,11055,A17,C36,B23,PCS,D,C08
L10,16876,A15,C40,B25,PCS,C,C05
L10,15289,A14,C33,B26,PCS,C,C01
L10,10977,A16,C32,B27,PCS,C,C02
L10,11834,A13,C35,B27,PCS,C,C08
L10,12861,A10,C30,B21,PCS,C,C04
L10,18434,A19,C36,B30,PCS,D,C07
L10,19590,A16,C30,B21,PCS,C,C09
L10,19895,A17,C34,B21,PCS,D,C01
L10,12971,A19,C39,B22,PCS,D,C06
L10,16420,A19,C40,B23,PCS,C,C06
L10,13250,A14,C35,B22,PCS,D,C06
L10,14857,A13,C40,B26,PCS,C,C09
L10,16759,A12,C30,B30,PCS,D,C04
L10,18574,A14,C34,B24,PCS,D,C06
L10,10212,A18,C31,B22,PCS,C,C04
L10,15178,A19,C33,B23,PCS,D,C06
L10,15570,A16,C34,B24,PCS,C,C01
L10,14983,A13,C31,B29,PCS,C,C05
L10,11053,A19,C38,B29,PCS,C,C06
L10,14010,A17,C35,B21,PCS,C,C01
L10,18613,A20,C32,B30,PCS,D,C09
L10,15661,A19,C35,B29,PCS,C,C03
L10,16114,A15,C36,B21,PCS,C,C10
L10,10699,A14,C30,B28,PCS,C,C06
L10,14756,A14,C40,B21,PCS,C,C05
L10,15562,A11,C36,B29,PCS,C,C02
L10,18145,A14,C33,B26,PCS,C,C07
L10,10788,A11,C40,B24,PCS,D,C07
L10,12490,A19,C34,B30,PCS,D,C10
L10,10968,A14,C34,B27,PCS,D,C10
L10,16154,A16,C38,B23,PCS,D,C08
L10,19837,A11,C38,B21,PCS,C,C03
L10,10769,A16,C30,B27,PCS,D,C10
L10,11035,A17,C35,B27,PCS,C,C07
L10,14002,A20,C32,B29,PCS,D,C07
L10,15875,A17,C32,B30,PCS,D,C03
L10,16208,A14,C31,B24,PCS,D,C05
L10,13248,A10,C33,B20,PCS,D,C05
L10,15644,A20,C39,B22,PCS,D,C04
L10,10053,A11,C34,B27,PCS,C,C03
L10,19023,A14,C36,B21,PCS,C,C05
L10,10924,A20,C36,B27,PCS,C,C05
L10,10670,A11,C39,B22,PCS,D,C04
L10,14343,A16,C30,B28,PCS,D,C05
L10,16653,A20,C37,B22,PCS,D,C04
L10,12523,A10,C33,B29,PCS,D,C09
L10,15595,A18,C35,B22,PCS,C,C05
L10,10054,A12,C38,B27,PCS,C,C06
L10,13194,A15,C39,B20,PCS,C,C05
L10,16809,A19,C30,B21,PCS,D,C02
L10,15196,A18,C35,B28,PCS,C,C03
L10,17441,A13,C32,B25,PCS,C,C09
L10,10306,A17,C31,B23,PCS,C,C04
L10,17768,A13,C40,B21,PCS,C,C04
L10,12074,A15,C40,B25,PCS,D,C10
L10,13400,A10,C33,B21,PCS,C,C10
L10,14408,A19,C37,B28,PCS,C,C04
L10,15982,A17,C36,B21,PCS,D,C03
L10,15621,A14,C38,B24,PCS,C,C09
L10,13587,A11,C38,B20,PCS,D,C09
L10,18567,A10,C32,B27,PCS,C,C03
L10,18792,A14,C33,B29,PCS,D,C03
L10,11810,A20,C37,B28,PCS,C,C03
L10,14263,A10,C40,B29,PCS,D,C02
L10,13503,A18,C31,B28,PCS,C,C07
L10,13862,A10,C34,B21,PCS,C,C06
L10,19488,A19,C33,B29,PCS,D,C05
L10,16588,A11,C37,B27,PCS,D,C06
L10,19756,A11,C30,B24,PCS,D,C09
L10,10382,A13,C32,B29,PCS,D,C09
L10,13295,A14,C33,B26,PCS,D,C10
L10,16386,A12,C32,B20,PCS,C,C03
L10,11903,A13,C32,B27,PCS,C,C02
L10,16297,A14,C37,B29,PCS,D,C04
L10,11273,A20,C30,B22,PCS,C,C09
L10,18955,A18,C40,B26,PCS,D,C09
L10,13946,A10,C40,B29,PCS,C,C04
L10,14386,A11,C37,B20,PCS,D,C05
L10,15180,A15,C30,B30,PCS,D,C08
L10,10168,A17,C37,B27,PCS,D,C03
L10,15912,A19,C37,B20,PCS,D,C06
L10,11837,A20,C33,B28,PCS,D,C03
L10,12371,A20,C40,B24,PCS,C,C02
L10,13406,A18,C30,B25,PCS,C,C07
L10,17314,A16,C30,B29,PCS,C,C03
L10,19397,A16,C37,B30,PCS,C,C06
L10,13120,A16,C40,B25,PCS,C,C10
L10,19454,A12,C31,B22,PCS,D,C04
L10,17309,A13,C33,B27,PCS,D,C03
L10,17576,A20,C36,B29,PCS,C,C04
L10,17889,A15,C31,B22,PCS,C,C08
L10,19625,A19,C32,B22,PCS,D,C01
L10,14415,A18,C32,B29,PCS,D,C03
L10,10838,A16,C30,B22,PCS,D,C10
L10,19597,A11,C37,B20,PCS,C,C10
L10,11218,A17,C34,B23,PCS,C,C10
L10,18438,A13,C40,B30,PCS,C,C06
L10,14908,A13,C37,B21,PCS,C,C03
L10,13017,A16,C30,B29,PCS,D,C05
L10,19782,A12,C40,B24,PCS,D,C02
L10,19562,A13,C32,B29,PCS,D,C05
L10,13032,A10,C30,B27,PCS,D,C02
L10,15191,A14,C31,B27,PCS,C,C03
L10,10221,A19,C33,B22,PCS,C,C09
L10,12607,A10,C35,B21,PCS,D,C08
L10,12871,A13,C36,B21,PCS,D,C02
L10,12777,A14,C31,B28,PCS,C,C05
L10,11677,A15,C31,B20,PCS,C,C02
L10,16976,A20,C33,B20,PCS,C,C07
L10,17622,A15,C35,B25,PCS,C,C03
L10,17801,A19,C40,B28,PCS,D,C03
L10,19875,A14,C40,B23,PCS,D,C06
L10,12973,A14,C33,B25,PCS,C,C08
L10,18975,A10,C34,B24,PCS,C,C05
L10,10260,A17,C38,B22,PCS,D,C07
L10,17709,A13,C30,B29,PCS,C,C03
L10,19362,A18,C33,B21,PCS,C,C10
L10,12121,A14,C36,B25,PCS,C,C03
L10,13268,A12,C35,B21,PCS,C,C03
L10,16629,A14,C31,B24,PCS,C,C05
L10,19113,A13,C38,B22,PCS,C,C03
L10,16479,A14,C40,B20,PCS,C,C04
L10,16666,A10,C31,B22,PCS,D,C06
L10,19330,A16,C31,B25,PCS,C,C01
L10,19679,A13,C39,B25,PCS,D,C10
L10,12826,A16,C39,B22,PCS,D,C01
L10,19049,A11,C31,B26,PCS,D,C03
L10,14149,A12,C39,B25,PCS,D,C07
L10,15822,A19,C35,B23,PCS,D,C06
L10,12742,A12,C33,B23,PCS,C,C06
L10,19847,A11,C31,B24,PCS,D,C08
L10,14116,A19,C39,B28,PCS,C,C03
L10,19033,A13,C33,B24,PCS,C,C03
L10,14206,A19,C34,B23,PCS,C,C05
L10,14414,A15,C35,B28,PCS,C,C08
L10,14715,A20,C32,B24,PCS,C,C07
L10,11413,A18,C37,B29,PCS,C,C04
L10,13107,A11,C31,B20,PCS,D,C09
L10,15935,A11,C33,B28,PCS,D,C06
L10,15977,A12,C35,B26,PCS,D,C04
L10,16376,A11,C40,B26,PCS,C,C06
L10,14181,A18,C37,B22,PCS,C,C01
L10,17299,A16,C32,B23,PCS,D,C08
L10,12906,A18,C39,B27,PCS,C,C01
L10,19550,A20,C33,B21,PCS,D,C08
L10,13596,A16,C37,B23,PCS,D,C04
L10,13787,A20,C32,B27,PCS,C,C05
L10,12371,A14,C33,B25,PCS,C,C03
L10,14751,A13,C35,B23,PCS,C,C04
L10,14771,A12,C36,B23,PCS,D,C02
L10,17224,A10,C33,B27,PCS,D,C08
L10,10098,A19,C36,B30,PCS,C,C01
L10,10485,A15,C31,B26,PCS,D,C04
L10,13188,A17,C38,B25,PCS,D,C09
L10,19104,A19,C34,B27,PCS,D,C10
L10,14037,A20,C36,B24,PCS,D,C04
L10,14217,A19,C34,B26,PCS,D,C06
L10,14392,A12,C36,B24,PCS,C,C09
L10,15565,A17,C38,B22,PCS,D,C10
L10,17988,A19,C39,B24,PCS,D,C08
L10,18446,A17,C39,B25,PCS,C,C05
L10,12152,A13,C31,B29,PCS,C,C04
L10,10065,A16,C36,B29,PCS,C,C06
L10,10189,A14,C34,B21,PCS,D,C07
L10,11245,A17,C36,B21,PCS,D,C01
L10,11002,A13,C35,B20,PCS,C,C01
L10,15057,A12,C39,B28,PCS,D,C10
L10,12632,A11,C34,B24,PCS,C,C09
L10,16614,A13,C36,B29,PCS,C,C05
L10,11241,A14,C35,B28,PCS,D,C04
L10,16058,A17,C32,B28,PCS,C,C05
L10,18661,A16,C34,B30,PCS,C,C05
L10,15910,A12,C34,B20,PCS,C,C08
L10,11142,A15,C36,B24,PCS,D,C10
L10,19415,A13,C34,B27,PCS,C,C03
L10,18257,A11,C30,B21,PCS,D,C02
L10,10101,A15,C32,B25,PCS,D,C10
L10,15697,A15,C37,B21,PCS,C,C03
L10,14612,A14,C37,B22,PCS,D,C03
L10,18074,A16,C33,B27,PCS,C,C05
L10,14356,A16,C30,B29,PCS,C,C04
L10,19118,A14,C34,B23,PCS,D,C08
L10,15025,A14,C34,B24,PCS,D,C08
L10,12845,A20,C35,B24,PCS,D,C03
L10,18300,A15,C38,B27,PCS,D,C04
L10,19711,A15,C33,B26,PCS,C,C07
L10,11865,A19,C40,B28,PCS,D,C05
L10,16513,A20,C30,B25,PCS,D,C06
L10,20000,A14,C39,B24,PCS,C,C08
L10,15018,A20,C40,B26,PCS,C,C06
L10,18467,A13,C38,B21,PCS,C,C10
L10,12342,A17,C31,B20,PCS,D,C06
L10,13887,A14,C30,B27,PCS,D,C10
L10,13480,A14,C32,B26,PCS,C,C03
L10,18233,A20,C34,B26,PCS,D,C09
L10,14015,A19,C37,B20,PCS,C,C01
L10,10612,A20,C34,B21,PCS,C,C09
L10,10357,A16,C38,B23,PCS,D,C06
L10,12640,A15,C38,B30,PCS,D,C06
L10,17886,A15,C30,B24,PCS,D,C03
L10,18357,A15,C32,B25,PCS,C,C06
L10,19079,A13,C36,B24,PCS,D,C06
L10,18199,A17,C35,B26,PCS,C,C03
L10,16677,A18,C38,B23,PCS,D,C05
L10,19247,A17,C33,B27,PCS,C,C07
L10,12000,A14,C34,B21,PCS,C,C01
L10,17683,A19,C34,B21,PCS,D,C07
L10,19100,A14,C36,B30,PCS,D,C04
L10,11089,A14,C35,B28,PCS,C,C09
L10,14468,A15,C30,B29,PCS,C,C08
L10,17158,A13,C33,B29,PCS,D,C04
L10,11530,A14,C30,B27,PCS,D,C02
L10,19425,A16,C34,B30,PCS,D,C03
L10,13191,A14,C35,B26,PCS,D,C07
L10,14102,A12,C30,B24,PCS,C,C08
L10,19564,A13,C36,B30,PCS,D,C05
L10,12427,A10,C35,B26,PCS,C,C08
L10,15917,A20,C32,B26,PCS,D,C07
L10,12040,A11,C32,B30,PCS,D,C07
L10,16461,A10,C38,B28,PCS,C,C06
L10,17041,A14,C35,B22,PCS,D,C07
L10,10606,A15,C35,B28,PCS,D,C05
L10,14856,A15,C37,B22,PCS,C,C03
L10,12684,A18,C38,B29,PCS,C,C05
L10,17731,A17,C33,B25,PCS,D,C07
L10,13880,A12,C33,B21,PCS,D,C06
L10,15404,A11,C38,B30,PCS,C,C09
L10,12842,A18,C36,B27,PCS,C,C09
L10,19056,A11,C39,B27,PCS,D,C07
L10,18404,A20,C35,B21,PCS,D,C10
L10,10624,A17,C32,B21,PCS,D,C01
L10,10467,A20,C35,B25,PCS,C,C06
L10,17247,A20,C40,B26,PCS,D,C03
L10,12725,A12,C36,B26,PCS,D,C06
L10,11071,A15,C33,B22,PCS,C,C01
L10,13222,A15,C39,B26,PCS,D,C04
L10,13381,A20,C31,B27,PCS,D,C03
L10,19141,A12,C38,B24,PCS,C,C03
L10,10337,A18,C36,B22,PCS,D,C03
L10,18303,A14,C40,B26,PCS,C,C05
L10,18311,A10,C33,B21,PCS,D,C07
L10,11646,A14,C33,B24,PCS,D,C10
L10,17253,A11,C30,B29,PCS,D,C04
L10,12423,A10,C30,B24,PCS,D,C03
L10,19725,A10,C34,B26,PCS,C,C09
L10,17992,A11,C40,B30,PCS,C,C01
L10,13374,A16,C34,B22,PCS,D,C03
L10,19160,A11,C37,B24,PCS,C,C10
L10,19438,A20,C31,B30,PCS,D,C03
L10,13715,A11,C37,B26,PCS,D,C05
L10,15770,A15,C32,B22,PCS,C,C04
L10,14486,A14,C34,B25,PCS,D,C04
L10,14474,A12,C30,B30,PCS,C,C01
L10,19307,A14,C40,B22,PCS,D,C02
L10,12247,A11,C30,B20,PCS,C,C01
L10,14836,A13,C40,B25,PCS,D,C07
L10,14329,A15,C34,B20,PCS,D,C03
L10,17491,A10,C32,B21,PCS,D,C07
L10,19091,A18,C35,B29,PCS,C,C08
L10,10827,A19,C30,B24,PCS,C,C06
L10,15594,A11,C38,B27,PCS,D,C09
L10,15122,A18,C36,B22,PCS,D,C08
L10,18361,A18,C31,B23,PCS,C,C02
L10,10833,A18,C32,B20,PCS,D,C09
L10,12155,A17,C35,B23,PCS,C,C01
L10,14101,A10,C33,B27,PCS,D,C06
L10,16656,A13,C32,B27,PCS,C,C06
L10,12707,A15,C32,B23,PCS,D,C02
L10,10584,A16,C34,B21,PCS,D,C06
L10,10598,A10,C31,B30,PCS,C,C07
L10,15514,A13,C34,B21,PCS,D,C03
L10,19788,A20,C36,B28,PCS,D,C08
L10,15369,A10,C34,B23,PCS,D,C04
L10,12081,A10,C36,B22,PCS,D,C07
L10,15930,A17,C35,B21,PCS,D,C04
L10,18723,A19,C30,B29,PCS,D,C06
L10,11654,A11,C40,B23,PCS,D,C10
L10,17119,A13,C31,B20,PCS,C,C08
L10,10340,A17,C38,B22,PCS,D,C07
L10,11903,A13,C37,B30,PCS,D,C06
L10,15862,A14,C40,B21,PCS,D,C05
L10,16745,A17,C34,B30,PCS,C,C05
L10,11272,A19,C36,B22,PCS,C,C01
L10,11110,A14,C36,B23,PCS,D,C02
L10,18089,A15,C37,B23,PCS,C,C06
L10,19847,A20,C32,B24,PCS,D,C04
L10,19034,A20,C31,B30,PCS,D,C03
L10,15233,A16,C38,B28,PCS,C,C08
L10,11327,A20,C31,B25,PCS,D,C08
L10,18626,A12,C40,B26,PCS,C,C01
L10,10829,A12,C30,B22,PCS,C,C09
L10,11574,A16,C39,B30,PCS,C,C03
L10,13392,A18,C36,B30,PCS,D,C06
L10,17636,A12,C35,B23,PCS,D,C03
L10,19794,A14,C37,B22,PCS,D,C10
L10,11548,A14,C31,B23,PCS,D,C09
L10,11913,A14,C31,B22,PCS,C,C08
L10,13961,A10,C35,B30,PCS,C,C09
L10,14841,A11,C35,B29,PCS,C,C03
L10,17680,A20,C38,B25,PCS,D,C09
L10,11491,A20,C37,B20,PCS,D,C07
L10,13834,A10,C39,B22,PCS,D,C09
L10,17632,A16,C38,B30,PCS,D,C01
L10,11458,A16,C36,B28,PCS,C,C06
L10,17974,A20,C35,B25,PCS,C,C03
L10,17538,A11,C31,B22,PCS,C,C01
L10,19974,A18,C37,B27,PCS,D,C05
L10,12369,A19,C33,B23,PCS,D,C04
L10,13353,A17,C34,B20,PCS,C,C07
L10,14194,A19,C35,B24,PCS,D,C09
L10,15162,A15,C36,B24,PCS,C,C08
L10,17463,A11,C31,B25,PCS,D,C07
L10,18727,A10,C35,B22,PCS,D,C08
L10,17523,A17,C37,B20,PCS,C,C06
L10,19380,A15,C34,B26,PCS,D,C03
L10,14499,A14,C35,B23,PCS,C,C08
L10,12603,A20,C37,B24,PCS,C,C01
L10,14161,A11,C38,B29,PCS,D,C01
L10,10486,A16,C37,B26,PCS,C,C07
L10,15561,A16,C36,B28,PCS,C,C08
L10,10715,A16,C32,B24,PCS,D,C04
L10,10368,A20,C40,B29,PCS,D,C10
L10,19041,A11,C35,B23,PCS,C,C04
L10,14152,A19,C35,B26,PCS,D,C09
L10,15188,A10,C40,B24,PCS,C,C04
L10,17781,A17,C36,B26,PCS,D,C04
L10,17946,A14,C31,B21,PCS,C,C07
L10,10063,A14,C39,B23,PCS,D,C06
L10,11718,A16,C32,B25,PCS,C,C09
L10,17932,A19,C35,B20,PCS,C,C04
L10,12955,A16,C35,B22,PCS,D,C04
L10,17603,A11,C39,B21,PCS,C,C07
L10,18030,A14,C37,B20,PCS,D,C07
L10,10351,A11,C36,B29,PCS,C,C02
L10,17496,A16,C37,B20,PCS,C,C10
L10,16786,A10,C40,B27,PCS,D,C09
L10,10372,A17,C38,B30,PCS,C,C07
L10,19395,A10,C34,B20,PCS,C,C01
L10,11649,A13,C37,B22,PCS,D,C06
L10,19780,A15,C30,B24,PCS,C,C05
L10,17279,A17,C37,B26,PCS,D,C10
L10,16948,A13,C35,B21,PCS,D,C08
L10,18253,A19,C38,B30,PCS,C,C05
L10,13874,A10,C30,B30,PCS,D,C05
L10,18119,A17,C33,B26,PCS,D,C03
L10,11690,A19,C32,B26,PCS,D,C04
L10,13367,A14,C35,B23,PCS,D,C09
L10,13751,A18,C39,B21,PCS,D,C04
L10,14459,A19,C37,B20,PCS,C,C02
L10,15612,A10,C33,B26,PCS,D,C03
L10,10176,A16,C40,B21,PCS,C,C09
L10,11728,A19,C35,B29,PCS,C,C04
L10,18231,A13,C34,B27,PCS,C,C05
L10,18263,A10,C30,B23,PCS,D,C05
L10,19080,A15,C40,B21,PCS,D,C06
L10,12086,A11,C30,B26,PCS,D,C10
L10,13785,A10,C36,B24,PCS,D,C09
L10,19212,A18,C32,B21,PCS,C,C03
L10,13723,A19,C35,B29,PCS,C,C04
L10,14976,A11,C39,B28,PCS,D,C05
L10,11675,A16,C37,B23,PCS,D,C08
L10,12309,A15,C40,B29,PCS,D,C10
L10,16298,A16,C40,B26,PCS,D,C03
L10,18530,A11,C37,B26,PCS,D,C10
L10,14609,A15,C37,B23,PCS,C,C02
L10,19550,A14,C30,B25,PCS,C,C04
L10,11560,A11,C38,B22,PCS,C,C10
L10,12900,A11,C30,B29,PCS,C,C03
L10,19044,A17,C37,B26,PCS,C,C08
L10,16736,A19,C30,B28,PCS,D,C05
L10,18109,A12,C33,B21,PCS,D,C05
L10,12615,A20,C34,B25,PCS,C,C08
L10,12035,A16,C30,B24,PCS,D,C10
L10,13935,A16,C37,B23,PCS,C,C08
L10,12624,A12,C32,B23,PCS,C,C10
L10,12902,A13,C36,B24,PCS,D,C09
L10,15547,A20,C30,B28,PCS,D,C07
L10,18092,A10,C32,B20,PCS,C,C05
L10,11102,A13,C36,B21,PCS,D,C06
L10,13149,A14,C40,B26,PCS,C,C07
L10,18858,A16,C35,B27,PCS,C,C06
L10,19251,A15,C38,B27,PCS,D,C05
L10,13429,A12,C34,B27,PCS,C,C01
L10,14874,A14,C36,B21,PCS,C,C01
L10,19073,A11,C31,B20,PCS,D,C06
L10,11045,A12,C40,B26,PCS,D,C05
L10,18465,A15,C33,B28,PCS,D,C04
L10,17634,A19,C37,B26,PCS,C,C07
L10,10330,A17,C38,B20,PCS,C,C01
L10,12711,A11,C34,B22,PCS,C,C08
L10,14787,A12,C34,B24,PCS,C,C09
L10,16731,A16,C32,B30,PCS,C,C02
L10,10457,A17,C30,B25,PCS,D,C01
L10,10585,A14,C38,B25,PCS,D,C06
L10,10594,A20,C31,B27,PCS,C,C01
L10,11802,A11,C36,B28,PCS,D,C01
L10,10351,A12,C32,B25,PCS,D,C03
L10,13421,A14,C35,B21,PCS,C,C10
L10,11261,A15,C33,B28,PCS,D,C08
L10,16936,A11,C36,B27,PCS,D,C07
L10,10246,A16,C40,B20,PCS,D,C04
L10,16701,A11,C36,B21,PCS,C,C06
L10,10051,A16,C38,B30,PCS,D,C10
L10,18232,A11,C39,B29,PCS,C,C01
L10,10690,A12,C36,B25,PCS,C,C05
L10,12967,A15,C38,B28,PCS,C,C10
L10,13064,A13,C32,B24,PCS,C,C03
L10,14765,A20,C36,B22,PCS,C,C05
L10,13474,A14,C34,B20,PCS,C,C06
L10,15378,A10,C33,B24,PCS,C,C04
L10,16833,A15,C34,B22,PCS,C,C01
L10,11870,A18,C34,B24,PCS,C,C01
L10,19904,A15,C34,B21,PCS,C,C09
L10,13193,A19,C39,B29,PCS,D,C03
L10,13984,A15,C36,B26,PCS,C,C04
L10,12683,A13,C35,B21,PCS,C,C10
L10,14680,A11,C34,B24,PCS,D,C10
L10,15206,A17,C32,B23,PCS,C,C07
L10,15621,A15,C39,B30,PCS,D,C07
L10,16045,A17,C38,B26,PCS,D,C03
L10,18266,A19,C30,B27,PCS,D,C08
L10,12033,A15,C38,B30,PCS,D,C03
L10,12463,A11,C37,B20,PCS,D,C06
L10,11074,A20,C31,B29,PCS,D,C08
L10,19078,A15,C33,B29,PCS,C,C01
L10,11060,A11,C34,B29,PCS,D,C07
L10,16887,A11,C30,B27,PCS,D,C02
L10,11501,A17,C39,B29,PCS,D,C07
L10,18219,A12,C34,B21,PCS,C,C05
L10,19283,A20,C32,B29,PCS,D,C08
L10,15266,A14,C35,B26,PCS,C,C01
L10,13952,A10,C33,B21,PCS,D,C04
L10,15183,A19,C35,B25,PCS,D,C07
L10,12979,A16,C33,B27,PCS,C,C06
L10,15950,A15,C30,B27,PCS,D,C05
L10,17981,A11,C32,B20,PCS,C,C07
L10,10422,A14,C40,B22,PCS,D,C01
L10,13414,A16,C36,B25,PCS,C,C07
L10,17369,A12,C37,B20,PCS,C,C01
L10,17711,A15,C30,B20,PCS,C,C03
L10,17946,A15,C38,B22,PCS,D,C04
L10,11231,A10,C37,B29,PCS,D,C01
L10,12239,A17,C32,B28,PCS,C,C05
L10,11851,A16,C39,B28,PCS,C,C04
L10,19167,A17,C32,B21,PCS,D,C02
L10,13941,A17,C30,B28,PCS,C,C08
L10,14368,A12,C34,B26,PCS,D,C04
L10,14353,A18,C37,B26,PCS,C,C01
L10,15281,A19,C31,B27,PCS,D,C01
L10,11794,A16,C30,B24,PCS,D,C10
L10,13602,A11,C38,B30,PCS,D,C08
L10,13871,A19,C30,B25,PCS,C,C06
L10,14967,A13,C38,B26,PCS,D,C01
L10,13004,A18,C37,B27,PCS,C,C02
L10,17448,A12,C32,B20,PCS,C,C03
L10,11269,A10,C37,B22,PCS,C,C03
L10,11378,A17,C36,B26,PCS,D,C09
L10,19773,A14,C36,B21,PCS,D,C06
L10,10257,A14,C39,B24,PCS,C,C01
L10,11252,A13,C37,B24,PCS,D,C07
L10,14618,A20,C38,B27,PCS,D,C08
L10,19918,A20,C40,B25,PCS,D,C01
L10,12811,A17,C30,B23,PCS,C,C07
L10,18028,A17,C36,B20,PCS,C,C07
L10,12519,A20,C39,B24,PCS,C,C07
L10,16566,A13,C39,B28,PCS,D,C07
L10,17015,A12,C30,B23,PCS,C,C01
L10,17741,A13,C31,B22,PCS,C,C05
L10,10865,A15,C30,B23,PCS,C,C02
L10,14606,A10,C32,B28,PCS,D,C02
L10,12124,A19,C30,B29,PCS,C,C03
L10,15223,A17,C31,B29,PCS,D,C04
L10,16762,A16,C31,B20,PCS,C,C08
L10,12045,A16,C36,B28,PCS,C,C01
L10,17294,A11,C34,B21,PCS,D,C04
L10,10138,A17,C40,B28,PCS,D,C07
L10,15900,A11,C36,B26,PCS,C,C08
L10,19345,A13,C30,B27,PCS,D,C08
L10,15523,A12,C30,B24,PCS,D,C06
L10,15631,A17,C31,B21,PCS,C,C05
L10,19006,A14,C39,B20,PCS,C,C04
L10,10298,A13,C37,B20,PCS,C,C05
L10,10731,A11,C36,B21,PCS,D,C01
L10,12260,A10,C36,B28,PCS,D,C06
L10,13955,A11,C40,B20,PCS,D,C02
L10,19011,A11,C40,B28,PCS,C,C03
L10,14080,A14,C31,B30,PCS,D,C04
L10,11771,A18,C37,B26,PCS,D,C06
L10,10433,A13,C35,B27,PCS,D,C01
L10,18675,A19,C39,B29,PCS,C,C09
L10,16276,A11,C37,B26,PCS,C,C08
L10,17388,A14,C33,B29,PCS,C,C02
L10,18349,A17,C37,B20,PCS,C,C06
L10,13150,A10,C32,B22,PCS,D,C03
L10,17852,A17,C39,B22,PCS,C,C07
L10,18255,A17,C35,B27,PCS,C,C06
L10,10220,A11,C31,B29,PCS,D,C09
L10,11582,A14,C37,B30,PCS,C,C05
L10,16352,A18,C34,B28,PCS,D,C08
L10,16726,A15,C31,B27,PCS,D,C02
L10,12071,A19,C35,B22,PCS,C,C01
L10,15616,A12,C35,B29,PCS,D,C05
L10,13239,A16,C34,B23,PCS,C,C04
L10,10472,A16,C34,B22,PCS,D,C01
L10,10294,A12,C38,B30,PCS,C,C02
L10,15750,A10,C40,B23,PCS,C,C04
L10,19135,A18,C34,B24,PCS,D,C06
L10,19479,A20,C30,B25,PCS,D,C03
L10,16827,A14,C31,B30,PCS,D,C04
L10,17135,A12,C37,B21,PCS,D,C01
L10,16358,A11,C31,B22,PCS,C,C05
L10,15618,A18,C33,B30,PCS,C,C10
L10,19496,A15,C30,B26,PCS,C,C05
L10,11682,A18,C35,B25,PCS,D,C09
L10,15442,A15,C40,B21,PCS,C,C06
L10,17246,A19,C40,B26,PCS,D,C03
L10,10896,A15,C34,B30,PCS,C,C05
L10,13717,A11,C34,B20,PCS,C,C06
L10,16935,A16,C38,B28,PCS,C,C09
L10,19136,A19,C32,B27,PCS,C,C03
L10,11715,A18,C37,B27,PCS,C,C02
L10,13078,A20,C36,B23,PCS,D,C06
L10,10814,A13,C34,B30,PCS,D,C06
L10,13349,A19,C38,B25,PCS,D,C05
L10,12855,A19,C35,B26,PCS,D,C01
L10,10642,A14,C30,B21,PCS,C,C04
L10,19309,A13,C37,B28,PCS,D,C09
L10,17077,A10,C40,B25,PCS,C,C09
L10,11284,A16,C40,B23,PCS,D,C10
L10,18940,A18,C35,B29,PCS,D,C02
L10,16875,A10,C33,B25,PCS,D,C03
L10,12813,A16,C31,B20,PCS,C,C03
L10,14010,A19,C33,B24,PCS,C,C01
L10,16315,A12,C38,B30,PCS,C,C09
L10,10140,A16,C30,B21,PCS,D,C01
L10,16999,A13,C34,B30,PCS,C,C02
L10,17751,A10,C34,B29,PCS,C,C04
L10,19607,A10,C39,B23,PCS,D,C02
L10,10784,A20,C30,B30,PCS,C,C04
L10,11629,A19,C39,B24,PCS,D,C08
L10,11752,A17,C32,B27,PCS,C,C04
L10,13129,A10,C36,B25,PCS,D,C04
L10,14194,A16,C31,B29,PCS,C,C02
L10,14259,A12,C39,B29,PCS,C,C10
L10,16532,A18,C40,B26,PCS,D,C07
L10,13057,A15,C34,B21,PCS,C,C05
L10,13287,A19,C30,B30,PCS,C,C03
L10,13398,A14,C33,B29,PCS,D,C08
L10,10379,A20,C34,B30,PCS,C,C04
L10,15119,A11,C30,B30,PCS,D,C09
L10,11678,A14,C32,B23,PCS,D,C04
L10,11886,A18,C40,B30,PCS,D,C08
L10,19791,A20,C33,B30,PCS,C,C02
L10,17106,A15,C31,B20,PCS,C,C03
L10,15630,A17,C31,B30,PCS,D,C03
L10,15651,A20,C36,B28,PCS,D,C02
L10,11084,A16,C31,B29,PCS,C,C01
L10,13381,A14,C33,B20,PCS,D,C10
L10,16781,A19,C35,B21,PCS,C,C04
L10,10305,A10,C37,B27,PCS,D,C05
L10,14857,A17,C31,B21,PCS,D,C04
L10,15177,A20,C39,B28,PCS,C,C08
L10,11081,A13,C33,B22,PCS,C,C05
L10,17314,A11,C30,B24,PCS,D,C02
L10,13759,A17,C32,B20,PCS,D,C08
L10,14388,A11,C32,B21,PCS,D,C01
L10,12107,A10,C38,B30,PCS,C,C08
L10,12798,A10,C40,B24,PCS,D,C01
L10,10628,A10,C33,B29,PCS,D,C08
L10,18457,A16,C35,B21,PCS,C,C08
L10,11570,A14,C38,B23,PCS,C,C10
L10,13238,A18,C38,B20,PCS,C,C09
L10,15864,A14,C31,B20,PCS,D,C05
L10,10687,A15,C37,B28,PCS,D,C09
L10,12932,A16,C40,B26,PCS,D,C08
L10,12568,A11,C30,B24,PCS,C,C05
L10,14849,A13,C38,B28,PCS,D,C01
L10,12814,A16,C32,B28,PCS,C,C05
L10,14012,A17,C32,B25,PCS,D,C03
L10,14847,A17,C30,B27,PCS,C,C03
L10,18725,A15,C30,B28,PCS,C,C02
L10,19638,A10,C35,B25,PCS,C,C09
L10,17018,A12,C38,B22,PCS,D,C02
L10,19003,A12,C31,B27,PCS,C,C03
L10,19007,A16,C39,B27,PCS,D,C05
L10,10402,A17,C34,B27,PCS,C,C10
L10,16911,A20,C37,B28,PCS,D,C07
L10,19329,A18,C38,B29,PCS,C,C01
L10,12934,A10,C38,B23,PCS,C,C02
L10,14429,A15,C36,B22,PCS,D,C06
L10,17144,A13,C34,B29,PCS,D,C02
L10,17564,A17,C40,B24,PCS,C,C08
L10,18083,A10,C30,B22,PCS,C,C09
L10,18135,A14,C35,B20,PCS,C,C02
L10,15474,A10,C40,B21,PCS,D,C07
L10,19852,A10,C37,B30,PCS,C,C01
L10,12794,A19,C40,B22,PCS,C,C07
L10,11474,A12,C33,B28,PCS,C,C04
L10,11964,A12,C37,B27,PCS,C,C04
L10,17961,A20,C31,B22,PCS,C,C07
L10,15503,A18,C40,B29,PCS,D,C09
L10,18617,A12,C34,B28,PCS,D,C10
L10,15731,A17,C30,B27,PCS,C,C07
L10,17294,A11,C33,B20,PCS,C,C08
L10,14829,A17,C39,B30,PCS,D,C01
L10,15119,A12,C39,B23,PCS,C,C07
L10,17211,A13,C30,B24,PCS,D,C09
L10,16250,A13,C38,B29,PCS,C,C08
L10,17120,A13,C31,B20,PCS,C,C04
L10,10773,A20,C34,B20,PCS,C,C07
L10,11358,A14,C31,B21,PCS,C,C02
L10,19644,A14,C39,B23,PCS,C,C10
L10,12254,A16,C30,B21,PCS,C,C04
L10,11772,A12,C33,B22,PCS,D,C08
L10,18809,A13,C35,B28,PCS,C,C10
L10,16248,A10,C35,B25,PCS,D,C01
L10,19196,A13,C32,B25,PCS,C,C07
L10,17131,A13,C30,B30,PCS,D,C04
L10,19705,A15,C38,B27,PCS,C,C08
L10,10382,A18,C37,B23,PCS,D,C06
L10,12559,A20,C35,B22,PCS,C,C01
L10,18600,A19,C40,B25,PCS,C,C01
L10,10837,A11,C36,B29,PCS,D,C10
L10,11522,A15,C34,B27,PCS,D,C07
L10,11787,A10,C39,B21,PCS,D,C07
L10,15958,A18,C34,B27,PCS,C,C06
L10,18436,A19,C36,B23,PCS,C,C08
L10,11261,A13,C33,B25,PCS,C,C08
L10,17996,A20,C31,B23,PCS,C,C05
L10,11196,A14,C38,B25,PCS,C,C07
L10,13603,A16,C35,B20,PCS,C,C06
L10,16828,A15,C33,B26,PCS,D,C06
L10,14325,A19,C34,B23,PCS,D,C06
L10,19902,A17,C38,B30,PCS,D,C08
L10,14911,A14,C36,B24,PCS,D,C09
L10,19066,A10,C31,B22,PCS,C,C07
L10,16063,A20,C37,B25,PCS,C,C06
L10,11044,A17,C36,B27,PCS,C,C06
L10,11047,A15,C35,B25,PCS,C,C10
L10,17460,A20,C32,B25,PCS,C,C05
L10,15232,A11,C40,B25,PCS,D,C03
L10,17930,A16,C33,B21,PCS,D,C04
L10,18395,A11,C30,B28,PCS,D,C04
L10,18955,A14,C37,B29,PCS,D,C07
L10,16560,A12,C31,B26,PCS,C,C09
L10,12917,A14,C37,B20,PCS,C,C01
L10,19800,A20,C33,B23,PCS,C,C06
L10,10652,A10,C35,B23,PCS,C,C04
L10,13723,A11,C34,B30,PCS,C,C05
L10,17927,A16,C40,B30,PCS,D,C02
L10,18983,A13,C37,B23,PCS,C,C10
L10,18452,A11,C37,B20,PCS,D,C06
L10,13225,A13,C38,B24,PCS,D,C08
L10,12710,A15,C38,B30,PCS,C,C10
L10,12206,A20,C37,B20,PCS,C,C05
L10,17264,A11,C37,B26,PCS,D,C05
L10,19278,A16,C31,B29,PCS,C,C10
L10,19860,A14,C31,B23,PCS,D,C10
L10,18173,A15,C35,B26,PCS,D,C10
L10,18182,A10,C31,B23,PCS,D,C03
L10,10582,A20,C35,B25,PCS,C,C04
L10,10801,A11,C30,B23,PCS,D,C02
L10,11558,A20,C30,B20,PCS,D,C02
L10,11735,A13,C39,B21,PCS,D,C01
L10,14666,A18,C30,B26,PCS,D,C06
L10,11917,A11,C30,B22,PCS,D,C02
L10,15175,A15,C40,B29,PCS,C,C01
L10,14923,A18,C40,B30,PCS,C,C05
L10,14454,A20,C40,B20,PCS,C,C09
L10,15138,A11,C37,B21,PCS,D,C04
L10,12070,A20,C33,B28,PCS,D,C01
L10,13043,A16,C36,B23,PCS,C,C02
L10,18643,A17,C30,B30,PCS,D,C07
L10,14723,A19,C40,B26,PCS,C,C01
L10,19464,A15,C35,B29,PCS,D,C09
L10,12929,A13,C32,B27,PCS,D,C08
L10,18891,A11,C40,B28,PCS,D,C05
L10,10331,A20,C35,B28,PCS,D,C04
L10,10607,A18,C40,B24,PCS,D,C03
L10,13030,A13,C30,B23,PCS,D,C02
L10,16554,A12,C30,B26,PCS,D,C08
L10,10752,A13,C32,B29,PCS,C,C01
L10,13829,A14,C37,B25,PCS,D,C03
L10,12303,A16,C34,B22,PCS,D,C06
L10,15306,A15,C32,B26,PCS,D,C05
L10,15731,A20,C31,B27,PCS,C,C06
L10,14950,A18,C35,B29,PCS,C,C02
L10,12092,A13,C37,B26,PCS,C,C04
L10,12803,A16,C35,B24,PCS,D,C05
L10,13401,A17,C36,B24,PCS,D,C05
L10,18342,A18,C36,B21,PCS,D,C03
L10,16184,A14,C30,B29,PCS,D,C09
L10,16249,A19,C32,B24,PCS,C,C08
L10,17934,A10,C31,B30,PCS,D,C06
L10,19751,A17,C37,B22,PCS,C,C01
L10,12070,A13,C37,B26,PCS,D,C05
L10,13382,A18,C38,B27,PCS,C,C01
L10,15998,A18,C38,B24,PCS,D,C05
L10,18757,A17,C32,B26,PCS,C,C06
L10,18824,A11,C34,B24,PCS,C,C05
L10,12749,A13,C33,B29,PCS,D,C01
L10,12768,A13,C35,B27,PCS,C,C09
L10,15410,A15,C37,B23,PCS,D,C09
L10,13333,A19,C30,B23,PCS,D,C06
L10,16440,A17,C36,B28,PCS,C,C07
L10,19320,A15,C35,B20,PCS,D,C01
L10,13643,A17,C31,B21,PCS,D,C05
L10,14291,A19,C40,B27,PCS,C,C04
L10,18473,A20,C32,B28,PCS,C,C10
L10,11547,A14,C31,B21,PCS,D,C05
L10,15618,A17,C30,B29,PCS,C,C09
L10,18050,A14,C37,B20,PCS,D,C01
L10,15045,A12,C33,B26,PCS,D,C05
L10,19094,A11,C33,B21,PCS,D,C04
L10,12638,A15,C34,B20,PCS,C,C09
L10,13207,A19,C37,B26,PCS,D,C08
L10,19137,A16,C36,B28,PCS,C,C10
L10,17228,A17,C38,B22,PCS,D,C08
L10,18097,A13,C39,B28,PCS,C,C10
L10,11101,A10,C30,B23,PCS,D,C02
L10,14377,A11,C36,B23,PCS,D,C07
L10,19269,A15,C32,B21,PCS,D,C07
L10,10141,A20,C30,B27,PCS,C,C09
L10,12837,A10,C34,B20,PCS,D,C07
L10,17872,A15,C35,B30,PCS,C,C02
L10,18776,A13,C40,B23,PCS,D,C03
L10,13346,A18,C38,B22,PCS,D,C01
L10,13584,A17,C34,B24,PCS,C,C04
L10,15464,A18,C32,B28,PCS,D,C05
L10,15409,A20,C40,B26,PCS,C,C10
L10,19630,A13,C33,B30,PCS,D,C06
L10,16326,A16,C36,B21,PCS,C,C03
L10,18756,A10,C36,B21,PCS,C,C03
L10,15384,A20,C39,B30,PCS,D,C03
L10,18272,A14,C39,B28,PCS,D,C06
L10,10439,A14,C34,B24,PCS,D,C08
L10,16532,A16,C37,B28,PCS,D,C10
L10,12066,A13,C35,B30,PCS,C,C04
L10,19643,A14,C40,B27,PCS,C,C06
L10,10434,A12,C37,B29,PCS,D,C09
L10,13706,A14,C30,B23,PCS,D,C03
L10,14763,A11,C40,B29,PCS,D,C01
L10,15194,A17,C31,B25,PCS,C,C10
L10,15463,A12,C31,B26,PCS,C,C01
L10,15536,A13,C38,B22,PCS,C,C06
L10,13682,A20,C33,B26,PCS,C,C07
L10,10617,A11,C35,B28,PCS,C,C06
L10,17942,A13,C33,B27,PCS,D,C07
L10,18634,A20,C31,B25,PCS,D,C04
L10,19793,A20,C32,B30,PCS,C,C08
L10,13380,A13,C31,B21,PCS,D,C01
L10,11021,A14,C36,B23,PCS,D,C10
L10,11591,A10,C33,B21,PCS,C,C02
L10,16825,A17,C40,B20,PCS,D,C09
L10,19524,A16,C36,B26,PCS,C,C03
L10,19716,A17,C31,B30,PCS,D,C06
L10,10821,A11,C37,B25,PCS,D,C05
L10,17440,A11,C35,B22,PCS,D,C09
L10,11045,A20,C35,B20,PCS,C,C01
L10,16059,A19,C33,B29,PCS,D,C07
L10,18935,A11,C39,B21,PCS,C,C06
L10,14414,A16,C38,B22,PCS,C,C09
L10,14584,A18,C38,B23,PCS,C,C03
L10,18366,A19,C36,B30,PCS,D,C03
L10,11467,A20,C35,B20,PCS,D,C03
L10,13526,A14,C30,B23,PCS,D,C05
L10,13558,A20,C30,B22,PCS,D,C08
L10,16173,A15,C31,B23,PCS,C,C06
L10,17175,A13,C32,B29,PCS,C,C02
L10,10036,A10,C36,B26,PCS,C,C01
L10,19953,A19,C37,B20,PCS,C,C07
L10,10672,A16,C34,B26,PCS,D,C07
L10,11408,A20,C30,B28,PCS,C,C09
