Batch,Command,Start Time,Second,Command Setting,S Partition,E Partition,S Column,E Column,S Row,E Row,Error Message
0,Get_CSV_Partition_Address,09:03:03,0,"Inbox/Master.csv",0,1,0,3,0,0,""
0,Read_CSV,09:03:03,0,"Inbox/Master.csv",1,1,3,3,0,0,""
0,Filter,09:03:03,0.001,"Style(=F)",1,1,3,3,7200,900,""
0,Build_Key_Value,09:03:03,0,"Product, Style => Table(key_value)",1,1,3,3,900,900,""
0,Get_CSV_Partition_Address,09:03:03,0.061,"Inbox/17M_Fact.csv",0,421,0,5,0,0,""
0,Read_CSV,09:03:03,0.079,"Inbox/17M_Fact.csv",100,100,5,5,0,0,""
0,Filter,09:03:03,0.058,"Shop(S77..S78)",100,100,5,5,4047094,88648,""
0,Join_Key_Value,09:03:03,0.009,"Product, Style => Inner(key_value)",100,100,5,6,88648,12400,""
0,Add_Column,09:03:03,0.004,"Quantity, Unit_Price => Multiply(Amount)",100,100,6,7,12400,12400,""
0,Filter,09:03:03,0.003,"Amount:Float(>100000)",100,100,7,7,12400,112,""
0,Append_CSV,09:03:03,0,"Outbox/Peakpy-Detail-Result0-17M_Fact.csv",100,1,7,7,112,112,""
0,Group_By,09:03:03,0.006,"Shop, Product => Count() Sum(Quantity) Sum(Amount)",100,1,7,5,112,26,""
0,Final_Group_By,09:03:03,0,"Shop, Product => Sum(Count) Sum(Quantity) Sum(Amount)",1,1,5,5,26,26,""
0,Write_CSV,09:03:03,0,"Outbox/Peakpy-Summary-Result0-17M_Fact.csv",1,1,5,5,26,26,""
1,Read_CSV,09:03:03,0.084,"Inbox/17M_Fact.csv",100,100,5,5,0,0,""
1,Filter,09:03:03,0.05,"Shop(S77..S78)",100,100,5,5,4047092,88648,""
1,Join_Key_Value,09:03:03,0.009,"Product, Style => Inner(key_value)",100,100,5,6,88648,12400,""
1,Add_Column,09:03:03,0.002,"Quantity, Unit_Price => Multiply(Amount)",100,100,6,7,12400,12400,""
1,Filter,09:03:03,0.004,"Amount:Float(>100000)",100,100,7,7,12400,112,""
1,Append_CSV,09:03:03,0,"Outbox/Peakpy-Detail-Result0-17M_Fact.csv",100,1,7,7,112,112,""
1,Group_By,09:03:03,0.005,"Shop, Product => Count() Sum(Quantity) Sum(Amount)",100,1,7,5,112,26,""
0,Final_Group_By,09:03:03,0,"Shop, Product => Sum(Count) Sum(Quantity) Sum(Amount)",2,1,5,5,52,26,""
0,Write_CSV,09:03:03,0,"Outbox/Peakpy-Summary-Result0-17M_Fact.csv",1,1,5,5,26,26,""
2,Read_CSV,09:03:03,0.08,"Inbox/17M_Fact.csv",100,100,5,5,0,0,""
2,Filter,09:03:03,0.052,"Shop(S77..S78)",100,100,5,5,4047095,88648,""
2,Join_Key_Value,09:03:03,0.01,"Product, Style => Inner(key_value)",100,100,5,6,88648,12400,""
2,Add_Column,09:03:03,0.004,"Quantity, Unit_Price => Multiply(Amount)",100,100,6,7,12400,12400,""
2,Filter,09:03:04,0.004,"Amount:Float(>100000)",100,100,7,7,12400,112,""
2,Append_CSV,09:03:04,0,"Outbox/Peakpy-Detail-Result0-17M_Fact.csv",100,1,7,7,112,112,""
2,Group_By,09:03:04,0.006,"Shop, Product => Count() Sum(Quantity) Sum(Amount)",100,1,7,5,112,26,""
0,Final_Group_By,09:03:04,0,"Shop, Product => Sum(Count) Sum(Quantity) Sum(Amount)",3,1,5,5,78,26,""
0,Write_CSV,09:03:04,0,"Outbox/Peakpy-Summary-Result0-17M_Fact.csv",1,1,5,5,26,26,""
3,Read_CSV,09:03:04,0.084,"Inbox/17M_Fact.csv",100,100,5,5,0,0,""
3,Filter,09:03:04,0.052,"Shop(S77..S78)",100,100,5,5,4047093,88648,""
3,Join_Key_Value,09:03:04,0.011,"Product, Style => Inner(key_value)",100,100,5,6,88648,12400,""
3,Add_Column,09:03:04,0.004,"Quantity, Unit_Price => Multiply(Amount)",100,100,6,7,12400,12400,""
3,Filter,09:03:04,0.004,"Amount:Float(>100000)",100,100,7,7,12400,112,""
3,Append_CSV,09:03:04,0,"Outbox/Peakpy-Detail-Result0-17M_Fact.csv",100,1,7,7,112,112,""
3,Group_By,09:03:04,0.005,"Shop, Product => Count() Sum(Quantity) Sum(Amount)",100,1,7,5,112,26,""
0,Final_Group_By,09:03:04,0,"Shop, Product => Sum(Count) Sum(Quantity) Sum(Amount)",4,1,5,5,104,26,""
0,Write_CSV,09:03:04,0,"Outbox/Peakpy-Summary-Result0-17M_Fact.csv",1,1,5,5,26,26,""
4,Read_CSV,09:03:04,0.024,"Inbox/17M_Fact.csv",21,21,5,5,0,0,""
4,Filter,09:03:04,0.019,"Shop(S77..S78)",21,21,5,5,811626,22162,""
4,Join_Key_Value,09:03:04,0.003,"Product, Style => Inner(key_value)",21,21,5,6,22162,3100,""
4,Add_Column,09:03:04,0.001,"Quantity, Unit_Price => Multiply(Amount)",21,21,6,7,3100,3100,""
4,Filter,09:03:04,0,"Amount:Float(>100000)",21,21,7,7,3100,28,""
4,Append_CSV,09:03:04,0,"Outbox/Peakpy-Detail-Result0-17M_Fact.csv",21,1,7,7,28,28,""
4,Group_By,09:03:04,0.002,"Shop, Product => Count() Sum(Quantity) Sum(Amount)",21,1,7,5,28,26,""
0,Final_Group_By,09:03:04,0,"Shop, Product => Sum(Count) Sum(Quantity) Sum(Amount)",5,1,5,5,130,26,""
0,Write_CSV,09:03:04,0,"Outbox/Peakpy-Summary-Result0-17M_Fact.csv",1,1,5,5,26,26,""
