Batch,Command,Start Time,Second,Command Setting,S Partition,E Partition,S Column,E Column,S Row,E Row,Error Message
0,Get_CSV_Partition_Address,09:04:02,0,"Inbox/Master.csv",0,1,0,3,0,0,""
0,Read_CSV,09:04:02,0,"Inbox/Master.csv",1,1,3,3,0,0,""
0,Filter,09:04:02,0.002,"Style(=F)",1,1,3,3,7200,900,""
0,Build_Key_Value,09:04:02,0,"Product, Style => Table(key_value)",1,1,3,3,900,900,""
0,Get_CSV_Partition_Address,09:04:02,0.005,"Inbox/41M_Fact.csv",0,203,0,5,0,0,""
0,Read_CSV,09:04:02,0.175,"Inbox/41M_Fact.csv",100,100,5,5,0,0,""
0,Filter,09:04:02,0.314,"Shop(S77..S78)",100,100,5,5,20235466,443240,""
0,Join_Key_Value,09:04:03,0.018,"Product, Style => Inner(key_value)",100,100,5,6,443240,62000,""
0,Add_Column,09:04:03,0.019,"Quantity, Unit_Price => Multiply(Amount)",100,100,6,7,62000,62000,""
0,Filter,09:04:03,0.002,"Amount:Float(>100000)",100,100,7,7,62000,560,""
0,Append_CSV,09:04:03,0,"Outbox/Peakrs-Detail-Result-41M_Fact.csv",100,1,7,7,560,560,""
0,Group_By,09:04:03,0.003,"Shop, Product => Count() Sum(Quantity) Sum(Amount)",100,1,7,5,560,26,""
1,Read_CSV,09:04:03,0.166,"Inbox/41M_Fact.csv",100,100,5,5,0,0,""
1,Filter,09:04:03,0.316,"Shop(S77..S78)",100,100,5,5,20235448,443240,""
1,Join_Key_Value,09:04:03,0.02,"Product, Style => Inner(key_value)",100,100,5,6,443240,62000,""
1,Add_Column,09:04:03,0.018,"Quantity, Unit_Price => Multiply(Amount)",100,100,6,7,62000,62000,""
1,Filter,09:04:03,0.003,"Amount:Float(>100000)",100,100,7,7,62000,560,""
1,Append_CSV,09:04:03,0,"Outbox/Peakrs-Detail-Result-41M_Fact.csv",100,1,7,7,560,560,""
1,Group_By,09:04:03,0.006,"Shop, Product => Count() Sum(Quantity) Sum(Amount)",100,1,7,5,560,26,""
2,Read_CSV,09:04:03,0.003,"Inbox/41M_Fact.csv",3,3,5,5,0,0,""
2,Filter,09:04:03,0.024,"Shop(S77..S78)",3,3,5,5,529086,22162,""
2,Join_Key_Value,09:04:03,0.005,"Product, Style => Inner(key_value)",3,3,5,6,22162,3100,""
2,Add_Column,09:04:03,0.001,"Quantity, Unit_Price => Multiply(Amount)",3,3,6,7,3100,3100,""
2,Filter,09:04:03,0,"Amount:Float(>100000)",3,3,7,7,3100,28,""
2,Append_CSV,09:04:03,0,"Outbox/Peakrs-Detail-Result-41M_Fact.csv",3,1,7,7,28,28,""
2,Group_By,09:04:03,0.003,"Shop, Product => Count() Sum(Quantity) Sum(Amount)",3,1,7,5,28,26,""
0,Final_Group_By,09:04:03,0,"Shop, Product => Sum(Count) Sum(Quantity) Sum(Amount)",3,1,5,5,78,26,""
0,Write_CSV,09:04:03,0.001,"Outbox/Peakrs-Summary-Result-41M_Fact.csv",1,1,5,5,26,26,""
