Batch,Command,Start Time,Second,Command Setting,S Partition,E Partition,S Column,E Column,S Row,E Row,Error Message
0,GetCsvPartitionAddress,09:03:13,0.002,"Inbox/Master.csv",0,1,0,3,0,0,""
0,Read_CSV,09:03:13,0,"Inbox/Master.csv",1,1,3,3,0,0,""
0,Filter,09:03:13,0.001,"Style(=F)",1,1,3,3,7200,900,""
0,Build_Key_Value,09:03:13,0.001,"Product, Style => Table(key_value)",1,1,3,3,900,900,""
0,GetCsvPartitionAddress,09:03:13,0.059,"Inbox\21M_Fact.csv",0,104,0,5,0,0,""
0,Read_CSV,09:03:13,0.213,"Inbox\21M_Fact.csv",100,100,5,5,0,0,""
0,Filter,09:03:13,0.281,"Shop(S77..S78)",100,100,5,5,20235466,443240,""
0,JoinKeyValue,09:03:14,0.012,"Product, Style => Inner(key_value)",100,100,5,6,443240,443240,""
0,AddColumn,09:03:14,0.005,"Quantity, Unit_Price => Multiply(Amount)",100,100,6,7,62000,62000,""
0,Filter,09:03:14,0,"Amount:Float(>100000)",100,100,7,7,62000,560,""
0,AppendCsv,09:03:14,0,"Outbox/PeakGo-Detail-Result-21M_Fact.csv",100,1,7,7,560,560,""
0,Group_By,09:03:14,0,"Shop, Product => Count() Sum(Quantity) Sum(Amount)",100,1,7,5,560,26,""
1,Read_CSV,09:03:14,0.006,"Inbox\21M_Fact.csv",4,4,5,5,0,0,""
1,Filter,09:03:14,0.023,"Shop(S77..S78)",4,4,5,5,764534,22162,""
1,JoinKeyValue,09:03:14,0,"Product, Style => Inner(key_value)",4,4,5,6,22162,22162,""
1,AddColumn,09:03:14,0,"Quantity, Unit_Price => Multiply(Amount)",4,4,6,7,3100,3100,""
1,Filter,09:03:14,0.007,"Amount:Float(>100000)",4,4,7,7,3100,28,""
1,AppendCsv,09:03:14,0,"Outbox/PeakGo-Detail-Result-21M_Fact.csv",4,1,7,7,28,28,""
1,Group_By,09:03:14,0,"Shop, Product => Count() Sum(Quantity) Sum(Amount)",4,1,7,5,28,26,""
0,Final_Group_By,09:03:14,0,"Shop, Product => Sum(Count) Sum(Quantity) Sum(Amount)",2,1,5,5,52,26,""
0,Write_CSV,09:03:14,0,"Outbox/Peakgo-Summary-Result-21M_Fact.csv",1,1,5,5,26,26,""
