Batch,Command,Start Time,Second,Command Setting,S Partition,E Partition,S Column,E Column,S Row,E Row,Error Message
0,Get_CSV_Partition_Address,09:06:15,0,"Inbox/Master.csv",0,1,0,3,0,0,""
0,Read_CSV,09:06:15,0,"Inbox/Master.csv",1,1,3,3,0,0,""
0,Filter,09:06:15,0.001,"Style(=F)",1,1,3,3,7200,900,""
0,Build_Key_Value,09:06:15,0,"Product, Style => Table(key_value)",1,1,3,3,900,900,""
0,Get_CSV_Partition_Address,09:06:15,0.004,"Inbox/75M_Fact.csv",0,371,0,5,0,0,""
0,Read_CSV,09:06:15,0.166,"Inbox/75M_Fact.csv",100,100,5,5,0,0,""
0,Filter,09:06:15,0.278,"Shop(S77..S78)",100,100,5,5,20235466,443240,""
0,Join_Key_Value,09:06:16,0.016,"Product, Style => Inner(key_value)",100,100,5,6,443240,62000,""
0,Add_Column,09:06:16,0.005,"Quantity, Unit_Price => Multiply(Amount)",100,100,6,7,62000,62000,""
0,Filter,09:06:16,0.003,"Amount:Float(>100000)",100,100,7,7,62000,560,""
0,Append_CSV,09:06:16,0,"Outbox/Peakpy-Detail-Result-75M_Fact.csv",100,1,7,7,560,560,""
0,Group_By,09:06:16,0.006,"Shop, Product => Count() Sum(Quantity) Sum(Amount)",100,1,7,5,560,26,""
0,Final_Group_By,09:06:16,0,"Shop, Product => Sum(Count) Sum(Quantity) Sum(Amount)",1,1,5,5,26,26,""
0,Write_CSV,09:06:16,0,"Outbox/Peakpy-Summary-Result-75M_Fact.csv",1,1,5,5,26,26,""
1,Read_CSV,09:06:16,0.149,"Inbox/75M_Fact.csv",100,100,5,5,0,0,""
1,Filter,09:06:16,0.254,"Shop(S77..S78)",100,100,5,5,20235448,443240,""
1,Join_Key_Value,09:06:16,0.017,"Product, Style => Inner(key_value)",100,100,5,6,443240,62000,""
1,Add_Column,09:06:16,0.005,"Quantity, Unit_Price => Multiply(Amount)",100,100,6,7,62000,62000,""
1,Filter,09:06:16,0.001,"Amount:Float(>100000)",100,100,7,7,62000,560,""
1,Append_CSV,09:06:16,0,"Outbox/Peakpy-Detail-Result-75M_Fact.csv",100,1,7,7,560,560,""
1,Group_By,09:06:16,0.005,"Shop, Product => Count() Sum(Quantity) Sum(Amount)",100,1,7,5,560,26,""
0,Final_Group_By,09:06:16,0,"Shop, Product => Sum(Count) Sum(Quantity) Sum(Amount)",2,1,5,5,52,26,""
0,Write_CSV,09:06:16,0,"Outbox/Peakpy-Summary-Result-75M_Fact.csv",1,1,5,5,26,26,""
2,Read_CSV,09:06:16,0.15,"Inbox/75M_Fact.csv",100,100,5,5,0,0,""
2,Filter,09:06:16,0.253,"Shop(S77..S78)",100,100,5,5,20235448,443240,""
2,Join_Key_Value,09:06:17,0.016,"Product, Style => Inner(key_value)",100,100,5,6,443240,62000,""
2,Add_Column,09:06:17,0.022,"Quantity, Unit_Price => Multiply(Amount)",100,100,6,7,62000,62000,""
2,Filter,09:06:17,0.003,"Amount:Float(>100000)",100,100,7,7,62000,560,""
2,Append_CSV,09:06:17,0,"Outbox/Peakpy-Detail-Result-75M_Fact.csv",100,1,7,7,560,560,""
2,Group_By,09:06:17,0.005,"Shop, Product => Count() Sum(Quantity) Sum(Amount)",100,1,7,5,560,26,""
0,Final_Group_By,09:06:17,0,"Shop, Product => Sum(Count) Sum(Quantity) Sum(Amount)",3,1,5,5,78,26,""
0,Write_CSV,09:06:17,0,"Outbox/Peakpy-Summary-Result-75M_Fact.csv",1,1,5,5,26,26,""
3,Read_CSV,09:06:17,0.106,"Inbox/75M_Fact.csv",71,71,5,5,0,0,""
3,Filter,09:06:17,0.178,"Shop(S77..S78)",71,71,5,5,14293638,332430,""
3,Join_Key_Value,09:06:17,0.012,"Product, Style => Inner(key_value)",71,71,5,6,332430,46500,""
3,Add_Column,09:06:17,0.012,"Quantity, Unit_Price => Multiply(Amount)",71,71,6,7,46500,46500,""
3,Filter,09:06:17,0.002,"Amount:Float(>100000)",71,71,7,7,46500,420,""
3,Append_CSV,09:06:17,0,"Outbox/Peakpy-Detail-Result-75M_Fact.csv",71,1,7,7,420,420,""
3,Group_By,09:06:17,0.005,"Shop, Product => Count() Sum(Quantity) Sum(Amount)",71,1,7,5,420,26,""
0,Final_Group_By,09:06:17,0,"Shop, Product => Sum(Count) Sum(Quantity) Sum(Amount)",4,1,5,5,104,26,""
0,Write_CSV,09:06:17,0,"Outbox/Peakpy-Summary-Result-75M_Fact.csv",1,1,5,5,26,26,""
