Batch,Command,Start Time,Second,Command Setting,S Partition,E Partition,S Column,E Column,S Row,E Row,Error Message
0,GetCsvPartitionAddress,09:05:24,0.002,"Inbox/Master.csv",0,1,0,3,0,0,""
0,Read_CSV,09:05:24,0.001,"Inbox/Master.csv",1,1,3,3,0,0,""
0,Filter,09:05:24,0.001,"Style(=F)",1,1,3,3,7200,900,""
0,Build_Key_Value,09:05:24,0.001,"Product, Style => Table(key_value)",1,1,3,3,900,900,""
0,GetCsvPartitionAddress,09:05:24,0.156,"Inbox\63M_Fact.csv",0,312,0,5,0,0,""
0,Read_CSV,09:05:24,0.207,"Inbox\63M_Fact.csv",100,100,5,5,0,0,""
0,Filter,09:05:24,0.299,"Shop(S77..S78)",100,100,5,5,20235466,443240,""
0,JoinKeyValue,09:05:24,0.009,"Product, Style => Inner(key_value)",100,100,5,6,443240,443240,""
0,AddColumn,09:05:24,0,"Quantity, Unit_Price => Multiply(Amount)",100,100,6,7,62000,62000,""
0,Filter,09:05:24,0,"Amount:Float(>100000)",100,100,7,7,62000,560,""
0,AppendCsv,09:05:24,0,"Outbox/PeakGo-Detail-Result-63M_Fact.csv",100,1,7,7,560,560,""
0,Group_By,09:05:24,0,"Shop, Product => Count() Sum(Quantity) Sum(Amount)",100,1,7,5,560,26,""
1,Read_CSV,09:05:24,0.144,"Inbox\63M_Fact.csv",100,100,5,5,0,0,""
1,Filter,09:05:24,0.257,"Shop(S77..S78)",100,100,5,5,20235448,443240,""
1,JoinKeyValue,09:05:25,0.012,"Product, Style => Inner(key_value)",100,100,5,6,443240,443240,""
1,AddColumn,09:05:25,0.005,"Quantity, Unit_Price => Multiply(Amount)",100,100,6,7,62000,62000,""
1,Filter,09:05:25,0.002,"Amount:Float(>100000)",100,100,7,7,62000,560,""
1,AppendCsv,09:05:25,0,"Outbox/PeakGo-Detail-Result-63M_Fact.csv",100,1,7,7,560,560,""
1,Group_By,09:05:25,0.001,"Shop, Product => Count() Sum(Quantity) Sum(Amount)",100,1,7,5,560,26,""
2,Read_CSV,09:05:25,0.112,"Inbox\63M_Fact.csv",100,100,5,5,0,0,""
2,Filter,09:05:25,0.248,"Shop(S77..S78)",100,100,5,5,20235448,443240,""
2,JoinKeyValue,09:05:25,0.01,"Product, Style => Inner(key_value)",100,100,5,6,443240,443240,""
2,AddColumn,09:05:25,0,"Quantity, Unit_Price => Multiply(Amount)",100,100,6,7,62000,62000,""
2,Filter,09:05:25,0,"Amount:Float(>100000)",100,100,7,7,62000,560,""
2,AppendCsv,09:05:25,0,"Outbox/PeakGo-Detail-Result-63M_Fact.csv",100,1,7,7,560,560,""
2,Group_By,09:05:25,0.01,"Shop, Product => Count() Sum(Quantity) Sum(Amount)",100,1,7,5,560,26,""
3,Read_CSV,09:05:25,0.013,"Inbox\63M_Fact.csv",12,12,5,5,0,0,""
3,Filter,09:05:25,0.039,"Shop(S77..S78)",12,12,5,5,2293638,66486,""
3,JoinKeyValue,09:05:25,0.003,"Product, Style => Inner(key_value)",12,12,5,6,66486,66486,""
3,AddColumn,09:05:25,0.006,"Quantity, Unit_Price => Multiply(Amount)",12,12,6,7,9300,9300,""
3,Filter,09:05:25,0,"Amount:Float(>100000)",12,12,7,7,9300,84,""
3,AppendCsv,09:05:25,0,"Outbox/PeakGo-Detail-Result-63M_Fact.csv",12,1,7,7,84,84,""
3,Group_By,09:05:25,0,"Shop, Product => Count() Sum(Quantity) Sum(Amount)",12,1,7,5,84,26,""
0,Final_Group_By,09:05:25,0,"Shop, Product => Sum(Count) Sum(Quantity) Sum(Amount)",4,1,5,5,104,26,""
0,Write_CSV,09:05:25,0,"Outbox/Peakgo-Summary-Result-63M_Fact.csv",1,1,5,5,26,26,""
