Batch,Command,Start Time,Second,Command Setting,S Partition,E Partition,S Column,E Column,S Row,E Row,Error Message
0,Get_CSV_Partition_Address,09:05:20,0,"Inbox/Master.csv",0,1,0,3,0,0,""
0,Read_CSV,09:05:20,0,"Inbox/Master.csv",1,1,3,3,0,0,""
0,Filter,09:05:20,0.001,"Style(=F)",1,1,3,3,7200,900,""
0,Build_Key_Value,09:05:20,0,"Product, Style => Table(key_value)",1,1,3,3,900,900,""
0,Get_CSV_Partition_Address,09:05:20,0.004,"Inbox/63M_Fact.csv",0,312,0,5,0,0,""
0,Read_CSV,09:05:20,0.161,"Inbox/63M_Fact.csv",100,100,5,5,0,0,""
0,Filter,09:05:20,0.282,"Shop(S77..S78)",100,100,5,5,20235466,443240,""
0,Join_Key_Value,09:05:21,0.018,"Product, Style => Inner(key_value)",100,100,5,6,443240,62000,""
0,Add_Column,09:05:21,0.006,"Quantity, Unit_Price => Multiply(Amount)",100,100,6,7,62000,62000,""
0,Filter,09:05:21,0.004,"Amount:Float(>100000)",100,100,7,7,62000,560,""
0,Append_CSV,09:05:21,0,"Outbox/Peakpy-Detail-Result-63M_Fact.csv",100,1,7,7,560,560,""
0,Group_By,09:05:21,0.006,"Shop, Product => Count() Sum(Quantity) Sum(Amount)",100,1,7,5,560,26,""
0,Final_Group_By,09:05:21,0,"Shop, Product => Sum(Count) Sum(Quantity) Sum(Amount)",1,1,5,5,26,26,""
0,Write_CSV,09:05:21,0,"Outbox/Peakpy-Summary-Result-63M_Fact.csv",1,1,5,5,26,26,""
1,Read_CSV,09:05:21,0.15,"Inbox/63M_Fact.csv",100,100,5,5,0,0,""
1,Filter,09:05:21,0.256,"Shop(S77..S78)",100,100,5,5,20235448,443240,""
1,Join_Key_Value,09:05:21,0.018,"Product, Style => Inner(key_value)",100,100,5,6,443240,62000,""
1,Add_Column,09:05:21,0.005,"Quantity, Unit_Price => Multiply(Amount)",100,100,6,7,62000,62000,""
1,Filter,09:05:21,0.004,"Amount:Float(>100000)",100,100,7,7,62000,560,""
1,Append_CSV,09:05:21,0,"Outbox/Peakpy-Detail-Result-63M_Fact.csv",100,1,7,7,560,560,""
1,Group_By,09:05:21,0.006,"Shop, Product => Count() Sum(Quantity) Sum(Amount)",100,1,7,5,560,26,""
0,Final_Group_By,09:05:21,0,"Shop, Product => Sum(Count) Sum(Quantity) Sum(Amount)",2,1,5,5,52,26,""
0,Write_CSV,09:05:21,0,"Outbox/Peakpy-Summary-Result-63M_Fact.csv",1,1,5,5,26,26,""
2,Read_CSV,09:05:21,0.149,"Inbox/63M_Fact.csv",100,100,5,5,0,0,""
2,Filter,09:05:21,0.278,"Shop(S77..S78)",100,100,5,5,20235448,443240,""
2,Join_Key_Value,09:05:22,0.016,"Product, Style => Inner(key_value)",100,100,5,6,443240,62000,""
2,Add_Column,09:05:22,0.005,"Quantity, Unit_Price => Multiply(Amount)",100,100,6,7,62000,62000,""
2,Filter,09:05:22,0.002,"Amount:Float(>100000)",100,100,7,7,62000,560,""
2,Append_CSV,09:05:22,0,"Outbox/Peakpy-Detail-Result-63M_Fact.csv",100,1,7,7,560,560,""
2,Group_By,09:05:22,0.005,"Shop, Product => Count() Sum(Quantity) Sum(Amount)",100,1,7,5,560,26,""
0,Final_Group_By,09:05:22,0,"Shop, Product => Sum(Count) Sum(Quantity) Sum(Amount)",3,1,5,5,78,26,""
0,Write_CSV,09:05:22,0,"Outbox/Peakpy-Summary-Result-63M_Fact.csv",1,1,5,5,26,26,""
3,Read_CSV,09:05:22,0.016,"Inbox/63M_Fact.csv",12,12,5,5,0,0,""
3,Filter,09:05:22,0.037,"Shop(S77..S78)",12,12,5,5,2293638,66486,""
3,Join_Key_Value,09:05:22,0.005,"Product, Style => Inner(key_value)",12,12,5,6,66486,9300,""
3,Add_Column,09:05:22,0.013,"Quantity, Unit_Price => Multiply(Amount)",12,12,6,7,9300,9300,""
3,Filter,09:05:22,0,"Amount:Float(>100000)",12,12,7,7,9300,84,""
3,Append_CSV,09:05:22,0,"Outbox/Peakpy-Detail-Result-63M_Fact.csv",12,1,7,7,84,84,""
3,Group_By,09:05:22,0.002,"Shop, Product => Count() Sum(Quantity) Sum(Amount)",12,1,7,5,84,26,""
0,Final_Group_By,09:05:22,0,"Shop, Product => Sum(Count) Sum(Quantity) Sum(Amount)",4,1,5,5,104,26,""
0,Write_CSV,09:05:22,0,"Outbox/Peakpy-Summary-Result-63M_Fact.csv",1,1,5,5,26,26,""
