Batch,Command,Start Time,Second,Command Setting,S Partition,E Partition,S Column,E Column,S Row,E Row,Error Message
0,GetCsvPartitionAddress,09:02:45,0.003,"Inbox/Master.csv",0,1,0,3,0,0,""
0,Read_CSV,09:02:45,0.001,"Inbox/Master.csv",1,1,3,3,0,0,""
0,Filter,09:02:45,0.001,"Style(=F)",1,1,3,3,7200,900,""
0,Build_Key_Value,09:02:45,0.001,"Product, Style => Table(key_value)",1,1,3,3,900,900,""
0,GetCsvPartitionAddress,09:02:45,0.046,"Inbox\3M_Fact.csv",0,75,0,5,0,0,""
0,Read_CSV,09:02:45,0.037,"Inbox\3M_Fact.csv",75,75,5,5,0,0,""
0,Filter,09:02:45,0.039,"Shop(S77..S78)",75,75,5,5,3000000,66486,""
0,JoinKeyValue,09:02:45,0.01,"Product, Style => Inner(key_value)",75,75,5,6,66486,66486,""
0,AddColumn,09:02:45,0,"Quantity, Unit_Price => Multiply(Amount)",75,75,6,7,9300,9300,""
0,Filter,09:02:45,0.01,"Amount:Float(>100000)",75,75,7,7,9300,84,""
0,AppendCsv,09:02:45,0,"Outbox/PeakGo-Detail-Result-3M_Fact.csv",75,1,7,7,84,84,""
0,Group_By,09:02:45,0,"Shop, Product => Count() Sum(Quantity) Sum(Amount)",75,1,7,5,84,26,""
0,Final_Group_By,09:02:45,0,"Shop, Product => Sum(Count) Sum(Quantity) Sum(Amount)",1,1,5,5,26,26,""
0,Write_CSV,09:02:45,0,"Outbox/Peakgo-Summary-Result-3M_Fact.csv",1,1,5,5,26,26,""
