Batch,Command,Start Time,Second,Command Setting,S Partition,E Partition,S Column,E Column,S Row,E Row,Error Message
0,GetCsvPartitionAddress,09:06:00,0.002,"Inbox/Master.csv",0,1,0,3,0,0,""
0,Read_CSV,09:06:00,0.001,"Inbox/Master.csv",1,1,3,3,0,0,""
0,Filter,09:06:00,0.001,"Style(=F)",1,1,3,3,7200,900,""
0,Build_Key_Value,09:06:00,0.001,"Product, Style => Table(key_value)",1,1,3,3,900,900,""
0,GetCsvPartitionAddress,09:06:00,0.177,"Inbox\71M_Fact.csv",0,351,0,5,0,0,""
0,Read_CSV,09:06:00,0.213,"Inbox\71M_Fact.csv",100,100,5,5,0,0,""
0,Filter,09:06:00,0.306,"Shop(S77..S78)",100,100,5,5,20235466,443240,""
0,JoinKeyValue,09:06:00,0.014,"Product, Style => Inner(key_value)",100,100,5,6,443240,443240,""
0,AddColumn,09:06:00,0.003,"Quantity, Unit_Price => Multiply(Amount)",100,100,6,7,62000,62000,""
0,Filter,09:06:00,0,"Amount:Float(>100000)",100,100,7,7,62000,560,""
0,AppendCsv,09:06:00,0,"Outbox/PeakGo-Detail-Result-71M_Fact.csv",100,1,7,7,560,560,""
0,Group_By,09:06:00,0.003,"Shop, Product => Count() Sum(Quantity) Sum(Amount)",100,1,7,5,560,26,""
1,Read_CSV,09:06:00,0.21,"Inbox\71M_Fact.csv",100,100,5,5,0,0,""
1,Filter,09:06:01,0.252,"Shop(S77..S78)",100,100,5,5,20235448,443240,""
1,JoinKeyValue,09:06:01,0.012,"Product, Style => Inner(key_value)",100,100,5,6,443240,443240,""
1,AddColumn,09:06:01,0.006,"Quantity, Unit_Price => Multiply(Amount)",100,100,6,7,62000,62000,""
1,Filter,09:06:01,0,"Amount:Float(>100000)",100,100,7,7,62000,560,""
1,AppendCsv,09:06:01,0,"Outbox/PeakGo-Detail-Result-71M_Fact.csv",100,1,7,7,560,560,""
1,Group_By,09:06:01,0,"Shop, Product => Count() Sum(Quantity) Sum(Amount)",100,1,7,5,560,26,""
2,Read_CSV,09:06:01,0.108,"Inbox\71M_Fact.csv",100,100,5,5,0,0,""
2,Filter,09:06:01,0.246,"Shop(S77..S78)",100,100,5,5,20235448,443240,""
2,JoinKeyValue,09:06:01,0.017,"Product, Style => Inner(key_value)",100,100,5,6,443240,443240,""
2,AddColumn,09:06:01,0.01,"Quantity, Unit_Price => Multiply(Amount)",100,100,6,7,62000,62000,""
2,Filter,09:06:01,0.002,"Amount:Float(>100000)",100,100,7,7,62000,560,""
2,AppendCsv,09:06:01,0,"Outbox/PeakGo-Detail-Result-71M_Fact.csv",100,1,7,7,560,560,""
2,Group_By,09:06:01,0,"Shop, Product => Count() Sum(Quantity) Sum(Amount)",100,1,7,5,560,26,""
3,Read_CSV,09:06:01,0.059,"Inbox\71M_Fact.csv",51,51,5,5,0,0,""
3,Filter,09:06:01,0.141,"Shop(S77..S78)",51,51,5,5,10293638,243782,""
3,JoinKeyValue,09:06:02,0.007,"Product, Style => Inner(key_value)",51,51,5,6,243782,243782,""
3,AddColumn,09:06:02,0,"Quantity, Unit_Price => Multiply(Amount)",51,51,6,7,34100,34100,""
3,Filter,09:06:02,0,"Amount:Float(>100000)",51,51,7,7,34100,308,""
3,AppendCsv,09:06:02,0,"Outbox/PeakGo-Detail-Result-71M_Fact.csv",51,1,7,7,308,308,""
3,Group_By,09:06:02,0,"Shop, Product => Count() Sum(Quantity) Sum(Amount)",51,1,7,5,308,26,""
0,Final_Group_By,09:06:02,0,"Shop, Product => Sum(Count) Sum(Quantity) Sum(Amount)",4,1,5,5,104,26,""
0,Write_CSV,09:06:02,0,"Outbox/Peakgo-Summary-Result-71M_Fact.csv",1,1,5,5,26,26,""
