Batch,Command,Start Time,Second,Command Setting,S Partition,E Partition,S Column,E Column,S Row,E Row,Error Message
0,Get_CSV_Partition_Address,09:05:53,0,"Inbox/Master.csv",0,1,0,3,0,0,""
0,Read_CSV,09:05:53,0,"Inbox/Master.csv",1,1,3,3,0,0,""
0,Filter,09:05:53,0.001,"Style(=F)",1,1,3,3,7200,900,""
0,Build_Key_Value,09:05:53,0,"Product, Style => Table(key_value)",1,1,3,3,900,900,""
0,Get_CSV_Partition_Address,09:05:53,0.056,"Inbox/71M_Fact.csv",0,351,0,5,0,0,""
0,Read_CSV,09:05:53,0.341,"Inbox/71M_Fact.csv",100,100,5,5,0,0,""
0,Filter,09:05:54,0.283,"Shop(S77..S78)",100,100,5,5,20235466,443240,""
0,Join_Key_Value,09:05:54,0.017,"Product, Style => Inner(key_value)",100,100,5,6,443240,62000,""
0,Add_Column,09:05:54,0.005,"Quantity, Unit_Price => Multiply(Amount)",100,100,6,7,62000,62000,""
0,Filter,09:05:54,0.003,"Amount:Float(>100000)",100,100,7,7,62000,560,""
0,Append_CSV,09:05:54,0,"Outbox/Peakpy-Detail-Result0-71M_Fact.csv",100,1,7,7,560,560,""
0,Group_By,09:05:54,0.006,"Shop, Product => Count() Sum(Quantity) Sum(Amount)",100,1,7,5,560,26,""
0,Final_Group_By,09:05:54,0,"Shop, Product => Sum(Count) Sum(Quantity) Sum(Amount)",1,1,5,5,26,26,""
0,Write_CSV,09:05:54,0,"Outbox/Peakpy-Summary-Result0-71M_Fact.csv",1,1,5,5,26,26,""
1,Read_CSV,09:05:54,0.304,"Inbox/71M_Fact.csv",100,100,5,5,0,0,""
1,Filter,09:05:54,0.274,"Shop(S77..S78)",100,100,5,5,20235448,443240,""
1,Join_Key_Value,09:05:55,0.016,"Product, Style => Inner(key_value)",100,100,5,6,443240,62000,""
1,Add_Column,09:05:55,0.012,"Quantity, Unit_Price => Multiply(Amount)",100,100,6,7,62000,62000,""
1,Filter,09:05:55,0.002,"Amount:Float(>100000)",100,100,7,7,62000,560,""
1,Append_CSV,09:05:55,0,"Outbox/Peakpy-Detail-Result0-71M_Fact.csv",100,1,7,7,560,560,""
1,Group_By,09:05:55,0.004,"Shop, Product => Count() Sum(Quantity) Sum(Amount)",100,1,7,5,560,26,""
0,Final_Group_By,09:05:55,0,"Shop, Product => Sum(Count) Sum(Quantity) Sum(Amount)",2,1,5,5,52,26,""
0,Write_CSV,09:05:55,0,"Outbox/Peakpy-Summary-Result0-71M_Fact.csv",1,1,5,5,26,26,""
2,Read_CSV,09:05:55,0.302,"Inbox/71M_Fact.csv",100,100,5,5,0,0,""
2,Filter,09:05:55,0.277,"Shop(S77..S78)",100,100,5,5,20235448,443240,""
2,Join_Key_Value,09:05:55,0.017,"Product, Style => Inner(key_value)",100,100,5,6,443240,62000,""
2,Add_Column,09:05:55,0.005,"Quantity, Unit_Price => Multiply(Amount)",100,100,6,7,62000,62000,""
2,Filter,09:05:55,0.002,"Amount:Float(>100000)",100,100,7,7,62000,560,""
2,Append_CSV,09:05:56,0,"Outbox/Peakpy-Detail-Result0-71M_Fact.csv",100,1,7,7,560,560,""
2,Group_By,09:05:56,0.006,"Shop, Product => Count() Sum(Quantity) Sum(Amount)",100,1,7,5,560,26,""
0,Final_Group_By,09:05:56,0,"Shop, Product => Sum(Count) Sum(Quantity) Sum(Amount)",3,1,5,5,78,26,""
0,Write_CSV,09:05:56,0,"Outbox/Peakpy-Summary-Result0-71M_Fact.csv",1,1,5,5,26,26,""
3,Read_CSV,09:05:56,0.172,"Inbox/71M_Fact.csv",51,51,5,5,0,0,""
3,Filter,09:05:56,0.145,"Shop(S77..S78)",51,51,5,5,10293638,243782,""
3,Join_Key_Value,09:05:56,0.01,"Product, Style => Inner(key_value)",51,51,5,6,243782,34100,""
3,Add_Column,09:05:56,0.003,"Quantity, Unit_Price => Multiply(Amount)",51,51,6,7,34100,34100,""
3,Filter,09:05:56,0.002,"Amount:Float(>100000)",51,51,7,7,34100,308,""
3,Append_CSV,09:05:56,0,"Outbox/Peakpy-Detail-Result0-71M_Fact.csv",51,1,7,7,308,308,""
3,Group_By,09:05:56,0.004,"Shop, Product => Count() Sum(Quantity) Sum(Amount)",51,1,7,5,308,26,""
0,Final_Group_By,09:05:56,0,"Shop, Product => Sum(Count) Sum(Quantity) Sum(Amount)",4,1,5,5,104,26,""
0,Write_CSV,09:05:56,0,"Outbox/Peakpy-Summary-Result0-71M_Fact.csv",1,1,5,5,26,26,""
