Batch,Command,Start Time,Second,Command Setting,S Partition,E Partition,S Column,E Column,S Row,E Row,Error Message
0,GetCsvPartitionAddress,09:03:21,0.002,"Inbox/Master.csv",0,1,0,3,0,0,""
0,Read_CSV,09:03:21,0,"Inbox/Master.csv",1,1,3,3,0,0,""
0,Filter,09:03:21,0.001,"Style(=F)",1,1,3,3,7200,900,""
0,Build_Key_Value,09:03:21,0.002,"Product, Style => Table(key_value)",1,1,3,3,900,900,""
0,GetCsvPartitionAddress,09:03:21,0.065,"Inbox\25M_Fact.csv",0,124,0,5,0,0,""
0,Read_CSV,09:03:21,0.222,"Inbox\25M_Fact.csv",100,100,5,5,0,0,""
0,Filter,09:03:22,0.284,"Shop(S77..S78)",100,100,5,5,20235466,443240,""
0,JoinKeyValue,09:03:22,0.014,"Product, Style => Inner(key_value)",100,100,5,6,443240,443240,""
0,AddColumn,09:03:22,0.005,"Quantity, Unit_Price => Multiply(Amount)",100,100,6,7,62000,62000,""
0,Filter,09:03:22,0.001,"Amount:Float(>100000)",100,100,7,7,62000,560,""
0,AppendCsv,09:03:22,0,"Outbox/PeakGo-Detail-Result-25M_Fact.csv",100,1,7,7,560,560,""
0,Group_By,09:03:22,0,"Shop, Product => Count() Sum(Quantity) Sum(Amount)",100,1,7,5,560,26,""
1,Read_CSV,09:03:22,0.039,"Inbox\25M_Fact.csv",24,24,5,5,0,0,""
1,Filter,09:03:22,0.073,"Shop(S77..S78)",24,24,5,5,4764534,110810,""
1,JoinKeyValue,09:03:22,0.005,"Product, Style => Inner(key_value)",24,24,5,6,110810,110810,""
1,AddColumn,09:03:22,0.003,"Quantity, Unit_Price => Multiply(Amount)",24,24,6,7,15500,15500,""
1,Filter,09:03:22,0,"Amount:Float(>100000)",24,24,7,7,15500,140,""
1,AppendCsv,09:03:22,0,"Outbox/PeakGo-Detail-Result-25M_Fact.csv",24,1,7,7,140,140,""
1,Group_By,09:03:22,0,"Shop, Product => Count() Sum(Quantity) Sum(Amount)",24,1,7,5,140,26,""
0,Final_Group_By,09:03:22,0,"Shop, Product => Sum(Count) Sum(Quantity) Sum(Amount)",2,1,5,5,52,26,""
0,Write_CSV,09:03:22,0,"Outbox/Peakgo-Summary-Result-25M_Fact.csv",1,1,5,5,26,26,""
