Batch,Command,Start Time,Second,Command Setting,S Partition,E Partition,S Column,E Column,S Row,E Row,Error Message
0,Get_CSV_Partition_Address,09:04:50,0.001,"Inbox/Master.csv",0,1,0,3,0,0,""
0,Read_CSV,09:04:50,0,"Inbox/Master.csv",1,1,3,3,0,0,""
0,Filter,09:04:50,0.001,"Style(=F)",1,1,3,3,7200,900,""
0,Build_Key_Value,09:04:50,0,"Product, Style => Table(key_value)",1,1,3,3,900,900,""
0,Get_CSV_Partition_Address,09:04:50,0.004,"Inbox/55M_Fact.csv",0,272,0,5,0,0,""
0,Read_CSV,09:04:50,0.156,"Inbox/55M_Fact.csv",100,100,5,5,0,0,""
0,Filter,09:04:50,0.304,"Shop(S77..S78)",100,100,5,5,20235466,443240,""
0,Join_Key_Value,09:04:50,0.02,"Product, Style => Inner(key_value)",100,100,5,6,443240,62000,""
0,Add_Column,09:04:50,0.018,"Quantity, Unit_Price => Multiply(Amount)",100,100,6,7,62000,62000,""
0,Filter,09:04:50,0.003,"Amount:Float(>100000)",100,100,7,7,62000,560,""
0,Append_CSV,09:04:50,0,"Outbox/Peakrs-Detail-Result-55M_Fact.csv",100,1,7,7,560,560,""
0,Group_By,09:04:50,0.007,"Shop, Product => Count() Sum(Quantity) Sum(Amount)",100,1,7,5,560,26,""
1,Read_CSV,09:04:50,0.148,"Inbox/55M_Fact.csv",100,100,5,5,0,0,""
1,Filter,09:04:50,0.297,"Shop(S77..S78)",100,100,5,5,20235448,443240,""
1,Join_Key_Value,09:04:51,0.017,"Product, Style => Inner(key_value)",100,100,5,6,443240,62000,""
1,Add_Column,09:04:51,0.013,"Quantity, Unit_Price => Multiply(Amount)",100,100,6,7,62000,62000,""
1,Filter,09:04:51,0.002,"Amount:Float(>100000)",100,100,7,7,62000,560,""
1,Append_CSV,09:04:51,0,"Outbox/Peakrs-Detail-Result-55M_Fact.csv",100,1,7,7,560,560,""
1,Group_By,09:04:51,0.007,"Shop, Product => Count() Sum(Quantity) Sum(Amount)",100,1,7,5,560,26,""
2,Read_CSV,09:04:51,0.107,"Inbox/55M_Fact.csv",72,72,5,5,0,0,""
2,Filter,09:04:51,0.204,"Shop(S77..S78)",72,72,5,5,14529086,332430,""
2,Join_Key_Value,09:04:51,0.014,"Product, Style => Inner(key_value)",72,72,5,6,332430,46500,""
2,Add_Column,09:04:51,0.004,"Quantity, Unit_Price => Multiply(Amount)",72,72,6,7,46500,46500,""
2,Filter,09:04:51,0.003,"Amount:Float(>100000)",72,72,7,7,46500,420,""
2,Append_CSV,09:04:51,0,"Outbox/Peakrs-Detail-Result-55M_Fact.csv",72,1,7,7,420,420,""
2,Group_By,09:04:51,0.006,"Shop, Product => Count() Sum(Quantity) Sum(Amount)",72,1,7,5,420,26,""
0,Final_Group_By,09:04:51,0,"Shop, Product => Sum(Count) Sum(Quantity) Sum(Amount)",3,1,5,5,78,26,""
0,Write_CSV,09:04:51,0.001,"Outbox/Peakrs-Summary-Result-55M_Fact.csv",1,1,5,5,26,26,""
