Batch,Command,Start Time,Second,Command Setting,S Partition,E Partition,S Column,E Column,S Row,E Row,Error Message
0,Get_CSV_Partition_Address,09:04:48,0,"Inbox/Master.csv",0,1,0,3,0,0,""
0,Read_CSV,09:04:48,0,"Inbox/Master.csv",1,1,3,3,0,0,""
0,Filter,09:04:48,0.001,"Style(=F)",1,1,3,3,7200,900,""
0,Build_Key_Value,09:04:48,0,"Product, Style => Table(key_value)",1,1,3,3,900,900,""
0,Get_CSV_Partition_Address,09:04:48,0.004,"Inbox/55M_Fact.csv",0,272,0,5,0,0,""
0,Read_CSV,09:04:48,0.158,"Inbox/55M_Fact.csv",100,100,5,5,0,0,""
0,Filter,09:04:48,0.272,"Shop(S77..S78)",100,100,5,5,20235466,443240,""
0,Join_Key_Value,09:04:49,0.016,"Product, Style => Inner(key_value)",100,100,5,6,443240,62000,""
0,Add_Column,09:04:49,0.009,"Quantity, Unit_Price => Multiply(Amount)",100,100,6,7,62000,62000,""
0,Filter,09:04:49,0.003,"Amount:Float(>100000)",100,100,7,7,62000,560,""
0,Append_CSV,09:04:49,0,"Outbox/Peakpy-Detail-Result-55M_Fact.csv",100,1,7,7,560,560,""
0,Group_By,09:04:49,0.005,"Shop, Product => Count() Sum(Quantity) Sum(Amount)",100,1,7,5,560,26,""
0,Final_Group_By,09:04:49,0,"Shop, Product => Sum(Count) Sum(Quantity) Sum(Amount)",1,1,5,5,26,26,""
0,Write_CSV,09:04:49,0,"Outbox/Peakpy-Summary-Result-55M_Fact.csv",1,1,5,5,26,26,""
1,Read_CSV,09:04:49,0.154,"Inbox/55M_Fact.csv",100,100,5,5,0,0,""
1,Filter,09:04:49,0.258,"Shop(S77..S78)",100,100,5,5,20235448,443240,""
1,Join_Key_Value,09:04:49,0.018,"Product, Style => Inner(key_value)",100,100,5,6,443240,62000,""
1,Add_Column,09:04:49,0.013,"Quantity, Unit_Price => Multiply(Amount)",100,100,6,7,62000,62000,""
1,Filter,09:04:49,0.002,"Amount:Float(>100000)",100,100,7,7,62000,560,""
1,Append_CSV,09:04:49,0,"Outbox/Peakpy-Detail-Result-55M_Fact.csv",100,1,7,7,560,560,""
1,Group_By,09:04:49,0.004,"Shop, Product => Count() Sum(Quantity) Sum(Amount)",100,1,7,5,560,26,""
0,Final_Group_By,09:04:49,0,"Shop, Product => Sum(Count) Sum(Quantity) Sum(Amount)",2,1,5,5,52,26,""
0,Write_CSV,09:04:49,0,"Outbox/Peakpy-Summary-Result-55M_Fact.csv",1,1,5,5,26,26,""
2,Read_CSV,09:04:49,0.106,"Inbox/55M_Fact.csv",72,72,5,5,0,0,""
2,Filter,09:04:49,0.186,"Shop(S77..S78)",72,72,5,5,14529086,332430,""
2,Join_Key_Value,09:04:50,0.012,"Product, Style => Inner(key_value)",72,72,5,6,332430,46500,""
2,Add_Column,09:04:50,0.004,"Quantity, Unit_Price => Multiply(Amount)",72,72,6,7,46500,46500,""
2,Filter,09:04:50,0.002,"Amount:Float(>100000)",72,72,7,7,46500,420,""
2,Append_CSV,09:04:50,0,"Outbox/Peakpy-Detail-Result-55M_Fact.csv",72,1,7,7,420,420,""
2,Group_By,09:04:50,0.004,"Shop, Product => Count() Sum(Quantity) Sum(Amount)",72,1,7,5,420,26,""
0,Final_Group_By,09:04:50,0,"Shop, Product => Sum(Count) Sum(Quantity) Sum(Amount)",3,1,5,5,78,26,""
0,Write_CSV,09:04:50,0,"Outbox/Peakpy-Summary-Result-55M_Fact.csv",1,1,5,5,26,26,""
