Batch,Command,Start Time,Second,Command Setting,S Partition,E Partition,S Column,E Column,S Row,E Row,Error Message
0,Get_CSV_Partition_Address,09:04:12,0,"Inbox/Master.csv",0,1,0,3,0,0,""
0,Read_CSV,09:04:12,0,"Inbox/Master.csv",1,1,3,3,0,0,""
0,Filter,09:04:12,0.001,"Style(=F)",1,1,3,3,7200,900,""
0,Build_Key_Value,09:04:12,0,"Product, Style => Table(key_value)",1,1,3,3,900,900,""
0,Get_CSV_Partition_Address,09:04:12,0.044,"Inbox/45M_Fact.csv",0,223,0,5,0,0,""
0,Read_CSV,09:04:12,0.354,"Inbox/45M_Fact.csv",100,100,5,5,0,0,""
0,Filter,09:04:12,0.267,"Shop(S77..S78)",100,100,5,5,20235466,443240,""
0,Join_Key_Value,09:04:12,0.019,"Product, Style => Inner(key_value)",100,100,5,6,443240,62000,""
0,Add_Column,09:04:12,0.005,"Quantity, Unit_Price => Multiply(Amount)",100,100,6,7,62000,62000,""
0,Filter,09:04:12,0.002,"Amount:Float(>100000)",100,100,7,7,62000,560,""
0,Append_CSV,09:04:12,0,"Outbox/Peakpy-Detail-Result0-45M_Fact.csv",100,1,7,7,560,560,""
0,Group_By,09:04:12,0.006,"Shop, Product => Count() Sum(Quantity) Sum(Amount)",100,1,7,5,560,26,""
0,Final_Group_By,09:04:12,0,"Shop, Product => Sum(Count) Sum(Quantity) Sum(Amount)",1,1,5,5,26,26,""
0,Write_CSV,09:04:12,0,"Outbox/Peakpy-Summary-Result0-45M_Fact.csv",1,1,5,5,26,26,""
1,Read_CSV,09:04:12,0.343,"Inbox/45M_Fact.csv",100,100,5,5,0,0,""
1,Filter,09:04:13,0.274,"Shop(S77..S78)",100,100,5,5,20235448,443240,""
1,Join_Key_Value,09:04:13,0.021,"Product, Style => Inner(key_value)",100,100,5,6,443240,62000,""
1,Add_Column,09:04:13,0.014,"Quantity, Unit_Price => Multiply(Amount)",100,100,6,7,62000,62000,""
1,Filter,09:04:13,0.002,"Amount:Float(>100000)",100,100,7,7,62000,560,""
1,Append_CSV,09:04:13,0,"Outbox/Peakpy-Detail-Result0-45M_Fact.csv",100,1,7,7,560,560,""
1,Group_By,09:04:13,0.005,"Shop, Product => Count() Sum(Quantity) Sum(Amount)",100,1,7,5,560,26,""
0,Final_Group_By,09:04:13,0,"Shop, Product => Sum(Count) Sum(Quantity) Sum(Amount)",2,1,5,5,52,26,""
0,Write_CSV,09:04:13,0,"Outbox/Peakpy-Summary-Result0-45M_Fact.csv",1,1,5,5,26,26,""
2,Read_CSV,09:04:13,0.088,"Inbox/45M_Fact.csv",23,23,5,5,0,0,""
2,Filter,09:04:13,0.062,"Shop(S77..S78)",23,23,5,5,4529086,110810,""
2,Join_Key_Value,09:04:13,0.007,"Product, Style => Inner(key_value)",23,23,5,6,110810,15500,""
2,Add_Column,09:04:13,0.003,"Quantity, Unit_Price => Multiply(Amount)",23,23,6,7,15500,15500,""
2,Filter,09:04:13,0.001,"Amount:Float(>100000)",23,23,7,7,15500,140,""
2,Append_CSV,09:04:13,0,"Outbox/Peakpy-Detail-Result0-45M_Fact.csv",23,1,7,7,140,140,""
2,Group_By,09:04:13,0.002,"Shop, Product => Count() Sum(Quantity) Sum(Amount)",23,1,7,5,140,26,""
0,Final_Group_By,09:04:13,0,"Shop, Product => Sum(Count) Sum(Quantity) Sum(Amount)",3,1,5,5,78,26,""
0,Write_CSV,09:04:13,0,"Outbox/Peakpy-Summary-Result0-45M_Fact.csv",1,1,5,5,26,26,""
