Batch,Command,Start Time,Second,Command Setting,S Partition,E Partition,S Column,E Column,S Row,E Row,Error Message
0,GetCsvPartitionAddress,09:03:35,0.003,"Inbox/Master.csv",0,1,0,3,0,0,""
0,Read_CSV,09:03:35,0,"Inbox/Master.csv",1,1,3,3,0,0,""
0,Filter,09:03:35,0.001,"Style(=F)",1,1,3,3,7200,900,""
0,Build_Key_Value,09:03:35,0.001,"Product, Style => Table(key_value)",1,1,3,3,900,900,""
0,GetCsvPartitionAddress,09:03:35,0.087,"Inbox\31M_Fact.csv",0,154,0,5,0,0,""
0,Read_CSV,09:03:35,0.213,"Inbox\31M_Fact.csv",100,100,5,5,0,0,""
0,Filter,09:03:36,0.286,"Shop(S77..S78)",100,100,5,5,20235466,443240,""
0,JoinKeyValue,09:03:36,0.011,"Product, Style => Inner(key_value)",100,100,5,6,443240,443240,""
0,AddColumn,09:03:36,0.006,"Quantity, Unit_Price => Multiply(Amount)",100,100,6,7,62000,62000,""
0,Filter,09:03:36,0,"Amount:Float(>100000)",100,100,7,7,62000,560,""
0,AppendCsv,09:03:36,0,"Outbox/PeakGo-Detail-Result-31M_Fact.csv",100,1,7,7,560,560,""
0,Group_By,09:03:36,0.004,"Shop, Product => Count() Sum(Quantity) Sum(Amount)",100,1,7,5,560,26,""
1,Read_CSV,09:03:36,0.101,"Inbox\31M_Fact.csv",54,54,5,5,0,0,""
1,Filter,09:03:36,0.137,"Shop(S77..S78)",54,54,5,5,10764534,243782,""
1,JoinKeyValue,09:03:36,0.007,"Product, Style => Inner(key_value)",54,54,5,6,243782,243782,""
1,AddColumn,09:03:36,0.002,"Quantity, Unit_Price => Multiply(Amount)",54,54,6,7,34100,34100,""
1,Filter,09:03:36,0,"Amount:Float(>100000)",54,54,7,7,34100,308,""
1,AppendCsv,09:03:36,0,"Outbox/PeakGo-Detail-Result-31M_Fact.csv",54,1,7,7,308,308,""
1,Group_By,09:03:36,0,"Shop, Product => Count() Sum(Quantity) Sum(Amount)",54,1,7,5,308,26,""
0,Final_Group_By,09:03:36,0,"Shop, Product => Sum(Count) Sum(Quantity) Sum(Amount)",2,1,5,5,52,26,""
0,Write_CSV,09:03:36,0.003,"Outbox/Peakgo-Summary-Result-31M_Fact.csv",1,1,5,5,26,26,""
