Batch,Command,Start Time,Second,Command Setting,S Partition,E Partition,S Column,E Column,S Row,E Row,Error Message
0,Get_CSV_Partition_Address,09:06:35,0,"Inbox/Master.csv",0,1,0,3,0,0,""
0,Read_CSV,09:06:35,0,"Inbox/Master.csv",1,1,3,3,0,0,""
0,Filter,09:06:35,0.001,"Style(=F)",1,1,3,3,7200,900,""
0,Build_Key_Value,09:06:35,0,"Product, Style => Table(key_value)",1,1,3,3,900,900,""
0,Get_CSV_Partition_Address,09:06:35,0.004,"Inbox/79M_Fact.csv",0,391,0,5,0,0,""
0,Read_CSV,09:06:35,0.157,"Inbox/79M_Fact.csv",100,100,5,5,0,0,""
0,Filter,09:06:35,0.288,"Shop(S77..S78)",100,100,5,5,20235466,443240,""
0,Join_Key_Value,09:06:35,0.019,"Product, Style => Inner(key_value)",100,100,5,6,443240,62000,""
0,Add_Column,09:06:35,0.014,"Quantity, Unit_Price => Multiply(Amount)",100,100,6,7,62000,62000,""
0,Filter,09:06:36,0.003,"Amount:Float(>100000)",100,100,7,7,62000,560,""
0,Append_CSV,09:06:36,0,"Outbox/Peakpy-Detail-Result-79M_Fact.csv",100,1,7,7,560,560,""
0,Group_By,09:06:36,0.007,"Shop, Product => Count() Sum(Quantity) Sum(Amount)",100,1,7,5,560,26,""
0,Final_Group_By,09:06:36,0,"Shop, Product => Sum(Count) Sum(Quantity) Sum(Amount)",1,1,5,5,26,26,""
0,Write_CSV,09:06:36,0,"Outbox/Peakpy-Summary-Result-79M_Fact.csv",1,1,5,5,26,26,""
1,Read_CSV,09:06:36,0.149,"Inbox/79M_Fact.csv",100,100,5,5,0,0,""
1,Filter,09:06:36,0.274,"Shop(S77..S78)",100,100,5,5,20235448,443240,""
1,Join_Key_Value,09:06:36,0.019,"Product, Style => Inner(key_value)",100,100,5,6,443240,62000,""
1,Add_Column,09:06:36,0.005,"Quantity, Unit_Price => Multiply(Amount)",100,100,6,7,62000,62000,""
1,Filter,09:06:36,0.003,"Amount:Float(>100000)",100,100,7,7,62000,560,""
1,Append_CSV,09:06:36,0,"Outbox/Peakpy-Detail-Result-79M_Fact.csv",100,1,7,7,560,560,""
1,Group_By,09:06:36,0.006,"Shop, Product => Count() Sum(Quantity) Sum(Amount)",100,1,7,5,560,26,""
0,Final_Group_By,09:06:36,0,"Shop, Product => Sum(Count) Sum(Quantity) Sum(Amount)",2,1,5,5,52,26,""
0,Write_CSV,09:06:36,0,"Outbox/Peakpy-Summary-Result-79M_Fact.csv",1,1,5,5,26,26,""
2,Read_CSV,09:06:36,0.149,"Inbox/79M_Fact.csv",100,100,5,5,0,0,""
2,Filter,09:06:36,0.272,"Shop(S77..S78)",100,100,5,5,20235448,443240,""
2,Join_Key_Value,09:06:36,0.02,"Product, Style => Inner(key_value)",100,100,5,6,443240,62000,""
2,Add_Column,09:06:37,0.005,"Quantity, Unit_Price => Multiply(Amount)",100,100,6,7,62000,62000,""
2,Filter,09:06:37,0.004,"Amount:Float(>100000)",100,100,7,7,62000,560,""
2,Append_CSV,09:06:37,0,"Outbox/Peakpy-Detail-Result-79M_Fact.csv",100,1,7,7,560,560,""
2,Group_By,09:06:37,0.005,"Shop, Product => Count() Sum(Quantity) Sum(Amount)",100,1,7,5,560,26,""
0,Final_Group_By,09:06:37,0,"Shop, Product => Sum(Count) Sum(Quantity) Sum(Amount)",3,1,5,5,78,26,""
0,Write_CSV,09:06:37,0,"Outbox/Peakpy-Summary-Result-79M_Fact.csv",1,1,5,5,26,26,""
3,Read_CSV,09:06:37,0.134,"Inbox/79M_Fact.csv",91,91,5,5,0,0,""
3,Filter,09:06:37,0.229,"Shop(S77..S78)",91,91,5,5,18293638,421078,""
3,Join_Key_Value,09:06:37,0.016,"Product, Style => Inner(key_value)",91,91,5,6,421078,58900,""
3,Add_Column,09:06:37,0.013,"Quantity, Unit_Price => Multiply(Amount)",91,91,6,7,58900,58900,""
3,Filter,09:06:37,0.004,"Amount:Float(>100000)",91,91,7,7,58900,532,""
3,Append_CSV,09:06:37,0,"Outbox/Peakpy-Detail-Result-79M_Fact.csv",91,1,7,7,532,532,""
3,Group_By,09:06:37,0.006,"Shop, Product => Count() Sum(Quantity) Sum(Amount)",91,1,7,5,532,26,""
0,Final_Group_By,09:06:37,0,"Shop, Product => Sum(Count) Sum(Quantity) Sum(Amount)",4,1,5,5,104,26,""
0,Write_CSV,09:06:37,0,"Outbox/Peakpy-Summary-Result-79M_Fact.csv",1,1,5,5,26,26,""
