Batch,Command,Start Time,Second,Command Setting,S Partition,E Partition,S Column,E Column,S Row,E Row,Error Message
0,Get_CSV_Partition_Address,09:05:10,0,"Inbox/Master.csv",0,1,0,3,0,0,""
0,Read_CSV,09:05:10,0,"Inbox/Master.csv",1,1,3,3,0,0,""
0,Filter,09:05:10,0.001,"Style(=F)",1,1,3,3,7200,900,""
0,Build_Key_Value,09:05:10,0,"Product, Style => Table(key_value)",1,1,3,3,900,900,""
0,Get_CSV_Partition_Address,09:05:10,0.06,"Inbox/61M_Fact.csv",0,302,0,5,0,0,""
0,Read_CSV,09:05:10,0.308,"Inbox/61M_Fact.csv",100,100,5,5,0,0,""
0,Filter,09:05:10,0.278,"Shop(S77..S78)",100,100,5,5,20235466,443240,""
0,Join_Key_Value,09:05:10,0.017,"Product, Style => Inner(key_value)",100,100,5,6,443240,62000,""
0,Add_Column,09:05:10,0.005,"Quantity, Unit_Price => Multiply(Amount)",100,100,6,7,62000,62000,""
0,Filter,09:05:10,0.002,"Amount:Float(>100000)",100,100,7,7,62000,560,""
0,Append_CSV,09:05:10,0,"Outbox/Peakpy-Detail-Result0-61M_Fact.csv",100,1,7,7,560,560,""
0,Group_By,09:05:10,0.006,"Shop, Product => Count() Sum(Quantity) Sum(Amount)",100,1,7,5,560,26,""
0,Final_Group_By,09:05:10,0,"Shop, Product => Sum(Count) Sum(Quantity) Sum(Amount)",1,1,5,5,26,26,""
0,Write_CSV,09:05:10,0,"Outbox/Peakpy-Summary-Result0-61M_Fact.csv",1,1,5,5,26,26,""
1,Read_CSV,09:05:10,0.376,"Inbox/61M_Fact.csv",100,100,5,5,0,0,""
1,Filter,09:05:11,0.283,"Shop(S77..S78)",100,100,5,5,20235448,443240,""
1,Join_Key_Value,09:05:11,0.017,"Product, Style => Inner(key_value)",100,100,5,6,443240,62000,""
1,Add_Column,09:05:11,0.005,"Quantity, Unit_Price => Multiply(Amount)",100,100,6,7,62000,62000,""
1,Filter,09:05:11,0.002,"Amount:Float(>100000)",100,100,7,7,62000,560,""
1,Append_CSV,09:05:11,0,"Outbox/Peakpy-Detail-Result0-61M_Fact.csv",100,1,7,7,560,560,""
1,Group_By,09:05:11,0.008,"Shop, Product => Count() Sum(Quantity) Sum(Amount)",100,1,7,5,560,26,""
0,Final_Group_By,09:05:11,0,"Shop, Product => Sum(Count) Sum(Quantity) Sum(Amount)",2,1,5,5,52,26,""
0,Write_CSV,09:05:11,0,"Outbox/Peakpy-Summary-Result0-61M_Fact.csv",1,1,5,5,26,26,""
2,Read_CSV,09:05:11,0.365,"Inbox/61M_Fact.csv",100,100,5,5,0,0,""
2,Filter,09:05:11,0.281,"Shop(S77..S78)",100,100,5,5,20235448,443240,""
2,Join_Key_Value,09:05:12,0.018,"Product, Style => Inner(key_value)",100,100,5,6,443240,62000,""
2,Add_Column,09:05:12,0.019,"Quantity, Unit_Price => Multiply(Amount)",100,100,6,7,62000,62000,""
2,Filter,09:05:12,0.004,"Amount:Float(>100000)",100,100,7,7,62000,560,""
2,Append_CSV,09:05:12,0,"Outbox/Peakpy-Detail-Result0-61M_Fact.csv",100,1,7,7,560,560,""
2,Group_By,09:05:12,0.006,"Shop, Product => Count() Sum(Quantity) Sum(Amount)",100,1,7,5,560,26,""
0,Final_Group_By,09:05:12,0,"Shop, Product => Sum(Count) Sum(Quantity) Sum(Amount)",3,1,5,5,78,26,""
0,Write_CSV,09:05:12,0,"Outbox/Peakpy-Summary-Result0-61M_Fact.csv",1,1,5,5,26,26,""
3,Read_CSV,09:05:12,0.002,"Inbox/61M_Fact.csv",2,2,5,5,0,0,""
3,Filter,09:05:12,0.019,"Shop(S77..S78)",2,2,5,5,293638,22162,""
3,Join_Key_Value,09:05:12,0.003,"Product, Style => Inner(key_value)",2,2,5,6,22162,3100,""
3,Add_Column,09:05:12,0.001,"Quantity, Unit_Price => Multiply(Amount)",2,2,6,7,3100,3100,""
3,Filter,09:05:12,0,"Amount:Float(>100000)",2,2,7,7,3100,28,""
3,Append_CSV,09:05:12,0,"Outbox/Peakpy-Detail-Result0-61M_Fact.csv",2,1,7,7,28,28,""
3,Group_By,09:05:12,0.002,"Shop, Product => Count() Sum(Quantity) Sum(Amount)",2,1,7,5,28,26,""
0,Final_Group_By,09:05:12,0,"Shop, Product => Sum(Count) Sum(Quantity) Sum(Amount)",4,1,5,5,104,26,""
0,Write_CSV,09:05:12,0,"Outbox/Peakpy-Summary-Result0-61M_Fact.csv",1,1,5,5,26,26,""
