Batch,Command,Start Time,Second,Command Setting,S Partition,E Partition,S Column,E Column,S Row,E Row,Error Message
0,GetCsvPartitionAddress,09:03:30,0.002,"Inbox/Master.csv",0,1,0,3,0,0,""
0,Read_CSV,09:03:30,0,"Inbox/Master.csv",1,1,3,3,0,0,""
0,Filter,09:03:30,0.001,"Style(=F)",1,1,3,3,7200,900,""
0,Build_Key_Value,09:03:30,0.001,"Product, Style => Table(key_value)",1,1,3,3,900,900,""
0,GetCsvPartitionAddress,09:03:30,0.075,"Inbox\29M_Fact.csv",0,144,0,5,0,0,""
0,Read_CSV,09:03:30,0.212,"Inbox\29M_Fact.csv",100,100,5,5,0,0,""
0,Filter,09:03:31,0.28,"Shop(S77..S78)",100,100,5,5,20235466,443240,""
0,JoinKeyValue,09:03:31,0.014,"Product, Style => Inner(key_value)",100,100,5,6,443240,443240,""
0,AddColumn,09:03:31,0.004,"Quantity, Unit_Price => Multiply(Amount)",100,100,6,7,62000,62000,""
0,Filter,09:03:31,0.004,"Amount:Float(>100000)",100,100,7,7,62000,560,""
0,AppendCsv,09:03:31,0,"Outbox/PeakGo-Detail-Result-29M_Fact.csv",100,1,7,7,560,560,""
0,Group_By,09:03:31,0,"Shop, Product => Count() Sum(Quantity) Sum(Amount)",100,1,7,5,560,26,""
1,Read_CSV,09:03:31,0.047,"Inbox\29M_Fact.csv",44,44,5,5,0,0,""
1,Filter,09:03:31,0.114,"Shop(S77..S78)",44,44,5,5,8764534,199458,""
1,JoinKeyValue,09:03:31,0.007,"Product, Style => Inner(key_value)",44,44,5,6,199458,199458,""
1,AddColumn,09:03:31,0.003,"Quantity, Unit_Price => Multiply(Amount)",44,44,6,7,27900,27900,""
1,Filter,09:03:31,0.002,"Amount:Float(>100000)",44,44,7,7,27900,252,""
1,AppendCsv,09:03:31,0,"Outbox/PeakGo-Detail-Result-29M_Fact.csv",44,1,7,7,252,252,""
1,Group_By,09:03:31,0,"Shop, Product => Count() Sum(Quantity) Sum(Amount)",44,1,7,5,252,26,""
0,Final_Group_By,09:03:31,0,"Shop, Product => Sum(Count) Sum(Quantity) Sum(Amount)",2,1,5,5,52,26,""
0,Write_CSV,09:03:31,0,"Outbox/Peakgo-Summary-Result-29M_Fact.csv",1,1,5,5,26,26,""
