Batch,Command,Start Time,Second,Command Setting,S Partition,E Partition,S Column,E Column,S Row,E Row,Error Message
0,GetCsvPartitionAddress,09:06:29,0.002,"Inbox/Master.csv",0,1,0,3,0,0,""
0,Read_CSV,09:06:29,0,"Inbox/Master.csv",1,1,3,3,0,0,""
0,Filter,09:06:29,0.001,"Style(=F)",1,1,3,3,7200,900,""
0,Build_Key_Value,09:06:29,0.001,"Product, Style => Table(key_value)",1,1,3,3,900,900,""
0,GetCsvPartitionAddress,09:06:29,0.21,"Inbox\77M_Fact.csv",0,381,0,5,0,0,""
0,Read_CSV,09:06:29,0.202,"Inbox\77M_Fact.csv",100,100,5,5,0,0,""
0,Filter,09:06:29,0.297,"Shop(S77..S78)",100,100,5,5,20235466,443240,""
0,JoinKeyValue,09:06:30,0.012,"Product, Style => Inner(key_value)",100,100,5,6,443240,443240,""
0,AddColumn,09:06:30,0.01,"Quantity, Unit_Price => Multiply(Amount)",100,100,6,7,62000,62000,""
0,Filter,09:06:30,0.004,"Amount:Float(>100000)",100,100,7,7,62000,560,""
0,AppendCsv,09:06:30,0,"Outbox/PeakGo-Detail-Result-77M_Fact.csv",100,1,7,7,560,560,""
0,Group_By,09:06:30,0,"Shop, Product => Count() Sum(Quantity) Sum(Amount)",100,1,7,5,560,26,""
1,Read_CSV,09:06:30,0.178,"Inbox\77M_Fact.csv",100,100,5,5,0,0,""
1,Filter,09:06:30,0.254,"Shop(S77..S78)",100,100,5,5,20235448,443240,""
1,JoinKeyValue,09:06:30,0.011,"Product, Style => Inner(key_value)",100,100,5,6,443240,443240,""
1,AddColumn,09:06:30,0.006,"Quantity, Unit_Price => Multiply(Amount)",100,100,6,7,62000,62000,""
1,Filter,09:06:30,0,"Amount:Float(>100000)",100,100,7,7,62000,560,""
1,AppendCsv,09:06:30,0,"Outbox/PeakGo-Detail-Result-77M_Fact.csv",100,1,7,7,560,560,""
1,Group_By,09:06:30,0,"Shop, Product => Count() Sum(Quantity) Sum(Amount)",100,1,7,5,560,26,""
2,Read_CSV,09:06:30,0.116,"Inbox\77M_Fact.csv",100,100,5,5,0,0,""
2,Filter,09:06:30,0.25,"Shop(S77..S78)",100,100,5,5,20235448,443240,""
2,JoinKeyValue,09:06:30,0.011,"Product, Style => Inner(key_value)",100,100,5,6,443240,443240,""
2,AddColumn,09:06:31,0.005,"Quantity, Unit_Price => Multiply(Amount)",100,100,6,7,62000,62000,""
2,Filter,09:06:31,0.001,"Amount:Float(>100000)",100,100,7,7,62000,560,""
2,AppendCsv,09:06:31,0,"Outbox/PeakGo-Detail-Result-77M_Fact.csv",100,1,7,7,560,560,""
2,Group_By,09:06:31,0.002,"Shop, Product => Count() Sum(Quantity) Sum(Amount)",100,1,7,5,560,26,""
3,Read_CSV,09:06:31,0.09,"Inbox\77M_Fact.csv",81,81,5,5,0,0,""
3,Filter,09:06:31,0.208,"Shop(S77..S78)",81,81,5,5,16293638,376754,""
3,JoinKeyValue,09:06:31,0.011,"Product, Style => Inner(key_value)",81,81,5,6,376754,376754,""
3,AddColumn,09:06:31,0.004,"Quantity, Unit_Price => Multiply(Amount)",81,81,6,7,52700,52700,""
3,Filter,09:06:31,0.002,"Amount:Float(>100000)",81,81,7,7,52700,476,""
3,AppendCsv,09:06:31,0,"Outbox/PeakGo-Detail-Result-77M_Fact.csv",81,1,7,7,476,476,""
3,Group_By,09:06:31,0,"Shop, Product => Count() Sum(Quantity) Sum(Amount)",81,1,7,5,476,26,""
0,Final_Group_By,09:06:31,0,"Shop, Product => Sum(Count) Sum(Quantity) Sum(Amount)",4,1,5,5,104,26,""
0,Write_CSV,09:06:31,0.003,"Outbox/Peakgo-Summary-Result-77M_Fact.csv",1,1,5,5,26,26,""
