Batch,Command,Start Time,Second,Command Setting,S Partition,E Partition,S Column,E Column,S Row,E Row,Error Message
0,Get_CSV_Partition_Address,09:06:25,0,"Inbox/Master.csv",0,1,0,3,0,0,""
0,Read_CSV,09:06:25,0,"Inbox/Master.csv",1,1,3,3,0,0,""
0,Filter,09:06:25,0.001,"Style(=F)",1,1,3,3,7200,900,""
0,Build_Key_Value,09:06:25,0,"Product, Style => Table(key_value)",1,1,3,3,900,900,""
0,Get_CSV_Partition_Address,09:06:25,0.004,"Inbox/77M_Fact.csv",0,381,0,5,0,0,""
0,Read_CSV,09:06:25,0.162,"Inbox/77M_Fact.csv",100,100,5,5,0,0,""
0,Filter,09:06:25,0.289,"Shop(S77..S78)",100,100,5,5,20235466,443240,""
0,Join_Key_Value,09:06:25,0.018,"Product, Style => Inner(key_value)",100,100,5,6,443240,62000,""
0,Add_Column,09:06:25,0.016,"Quantity, Unit_Price => Multiply(Amount)",100,100,6,7,62000,62000,""
0,Filter,09:06:25,0.002,"Amount:Float(>100000)",100,100,7,7,62000,560,""
0,Append_CSV,09:06:25,0,"Outbox/Peakpy-Detail-Result-77M_Fact.csv",100,1,7,7,560,560,""
0,Group_By,09:06:25,0.005,"Shop, Product => Count() Sum(Quantity) Sum(Amount)",100,1,7,5,560,26,""
0,Final_Group_By,09:06:25,0,"Shop, Product => Sum(Count) Sum(Quantity) Sum(Amount)",1,1,5,5,26,26,""
0,Write_CSV,09:06:25,0,"Outbox/Peakpy-Summary-Result-77M_Fact.csv",1,1,5,5,26,26,""
1,Read_CSV,09:06:25,0.154,"Inbox/77M_Fact.csv",100,100,5,5,0,0,""
1,Filter,09:06:26,0.266,"Shop(S77..S78)",100,100,5,5,20235448,443240,""
1,Join_Key_Value,09:06:26,0.02,"Product, Style => Inner(key_value)",100,100,5,6,443240,62000,""
1,Add_Column,09:06:26,0.006,"Quantity, Unit_Price => Multiply(Amount)",100,100,6,7,62000,62000,""
1,Filter,09:06:26,0.003,"Amount:Float(>100000)",100,100,7,7,62000,560,""
1,Append_CSV,09:06:26,0,"Outbox/Peakpy-Detail-Result-77M_Fact.csv",100,1,7,7,560,560,""
1,Group_By,09:06:26,0.006,"Shop, Product => Count() Sum(Quantity) Sum(Amount)",100,1,7,5,560,26,""
0,Final_Group_By,09:06:26,0,"Shop, Product => Sum(Count) Sum(Quantity) Sum(Amount)",2,1,5,5,52,26,""
0,Write_CSV,09:06:26,0,"Outbox/Peakpy-Summary-Result-77M_Fact.csv",1,1,5,5,26,26,""
2,Read_CSV,09:06:26,0.151,"Inbox/77M_Fact.csv",100,100,5,5,0,0,""
2,Filter,09:06:26,0.26,"Shop(S77..S78)",100,100,5,5,20235448,443240,""
2,Join_Key_Value,09:06:26,0.019,"Product, Style => Inner(key_value)",100,100,5,6,443240,62000,""
2,Add_Column,09:06:26,0.019,"Quantity, Unit_Price => Multiply(Amount)",100,100,6,7,62000,62000,""
2,Filter,09:06:26,0.004,"Amount:Float(>100000)",100,100,7,7,62000,560,""
2,Append_CSV,09:06:26,0,"Outbox/Peakpy-Detail-Result-77M_Fact.csv",100,1,7,7,560,560,""
2,Group_By,09:06:26,0.006,"Shop, Product => Count() Sum(Quantity) Sum(Amount)",100,1,7,5,560,26,""
0,Final_Group_By,09:06:26,0,"Shop, Product => Sum(Count) Sum(Quantity) Sum(Amount)",3,1,5,5,78,26,""
0,Write_CSV,09:06:26,0,"Outbox/Peakpy-Summary-Result-77M_Fact.csv",1,1,5,5,26,26,""
3,Read_CSV,09:06:26,0.122,"Inbox/77M_Fact.csv",81,81,5,5,0,0,""
3,Filter,09:06:27,0.2,"Shop(S77..S78)",81,81,5,5,16293638,376754,""
3,Join_Key_Value,09:06:27,0.014,"Product, Style => Inner(key_value)",81,81,5,6,376754,52700,""
3,Add_Column,09:06:27,0.012,"Quantity, Unit_Price => Multiply(Amount)",81,81,6,7,52700,52700,""
3,Filter,09:06:27,0.004,"Amount:Float(>100000)",81,81,7,7,52700,476,""
3,Append_CSV,09:06:27,0,"Outbox/Peakpy-Detail-Result-77M_Fact.csv",81,1,7,7,476,476,""
3,Group_By,09:06:27,0.004,"Shop, Product => Count() Sum(Quantity) Sum(Amount)",81,1,7,5,476,26,""
0,Final_Group_By,09:06:27,0,"Shop, Product => Sum(Count) Sum(Quantity) Sum(Amount)",4,1,5,5,104,26,""
0,Write_CSV,09:06:27,0,"Outbox/Peakpy-Summary-Result-77M_Fact.csv",1,1,5,5,26,26,""
