Batch,Command,Start Time,Second,Command Setting,S Partition,E Partition,S Column,E Column,S Row,E Row,Error Message
0,GetCsvPartitionAddress,09:06:09,0.002,"Inbox/Master.csv",0,1,0,3,0,0,""
0,Read_CSV,09:06:09,0,"Inbox/Master.csv",1,1,3,3,0,0,""
0,Filter,09:06:09,0.001,"Style(=F)",1,1,3,3,7200,900,""
0,Build_Key_Value,09:06:09,0.001,"Product, Style => Table(key_value)",1,1,3,3,900,900,""
0,GetCsvPartitionAddress,09:06:09,0.187,"Inbox\73M_Fact.csv",0,361,0,5,0,0,""
0,Read_CSV,09:06:09,0.202,"Inbox\73M_Fact.csv",100,100,5,5,0,0,""
0,Filter,09:06:10,0.308,"Shop(S77..S78)",100,100,5,5,20235466,443240,""
0,JoinKeyValue,09:06:10,0.013,"Product, Style => Inner(key_value)",100,100,5,6,443240,443240,""
0,AddColumn,09:06:10,0.004,"Quantity, Unit_Price => Multiply(Amount)",100,100,6,7,62000,62000,""
0,Filter,09:06:10,0.004,"Amount:Float(>100000)",100,100,7,7,62000,560,""
0,AppendCsv,09:06:10,0,"Outbox/PeakGo-Detail-Result-73M_Fact.csv",100,1,7,7,560,560,""
0,Group_By,09:06:10,0,"Shop, Product => Count() Sum(Quantity) Sum(Amount)",100,1,7,5,560,26,""
1,Read_CSV,09:06:10,0.131,"Inbox\73M_Fact.csv",100,100,5,5,0,0,""
1,Filter,09:06:10,0.257,"Shop(S77..S78)",100,100,5,5,20235448,443240,""
1,JoinKeyValue,09:06:10,0.013,"Product, Style => Inner(key_value)",100,100,5,6,443240,443240,""
1,AddColumn,09:06:10,0.01,"Quantity, Unit_Price => Multiply(Amount)",100,100,6,7,62000,62000,""
1,Filter,09:06:10,0,"Amount:Float(>100000)",100,100,7,7,62000,560,""
1,AppendCsv,09:06:10,0.006,"Outbox/PeakGo-Detail-Result-73M_Fact.csv",100,1,7,7,560,560,""
1,Group_By,09:06:10,0,"Shop, Product => Count() Sum(Quantity) Sum(Amount)",100,1,7,5,560,26,""
2,Read_CSV,09:06:10,0.148,"Inbox\73M_Fact.csv",100,100,5,5,0,0,""
2,Filter,09:06:11,0.246,"Shop(S77..S78)",100,100,5,5,20235448,443240,""
2,JoinKeyValue,09:06:11,0.012,"Product, Style => Inner(key_value)",100,100,5,6,443240,443240,""
2,AddColumn,09:06:11,0.005,"Quantity, Unit_Price => Multiply(Amount)",100,100,6,7,62000,62000,""
2,Filter,09:06:11,0.002,"Amount:Float(>100000)",100,100,7,7,62000,560,""
2,AppendCsv,09:06:11,0,"Outbox/PeakGo-Detail-Result-73M_Fact.csv",100,1,7,7,560,560,""
2,Group_By,09:06:11,0,"Shop, Product => Count() Sum(Quantity) Sum(Amount)",100,1,7,5,560,26,""
3,Read_CSV,09:06:11,0.071,"Inbox\73M_Fact.csv",61,61,5,5,0,0,""
3,Filter,09:06:11,0.163,"Shop(S77..S78)",61,61,5,5,12293638,288106,""
3,JoinKeyValue,09:06:11,0.005,"Product, Style => Inner(key_value)",61,61,5,6,288106,288106,""
3,AddColumn,09:06:11,0.006,"Quantity, Unit_Price => Multiply(Amount)",61,61,6,7,40300,40300,""
3,Filter,09:06:11,0,"Amount:Float(>100000)",61,61,7,7,40300,364,""
3,AppendCsv,09:06:11,0,"Outbox/PeakGo-Detail-Result-73M_Fact.csv",61,1,7,7,364,364,""
3,Group_By,09:06:11,0,"Shop, Product => Count() Sum(Quantity) Sum(Amount)",61,1,7,5,364,26,""
0,Final_Group_By,09:06:11,0,"Shop, Product => Sum(Count) Sum(Quantity) Sum(Amount)",4,1,5,5,104,26,""
0,Write_CSV,09:06:11,0,"Outbox/Peakgo-Summary-Result-73M_Fact.csv",1,1,5,5,26,26,""
