Batch,Command,Start Time,Second,Command Setting,S Partition,E Partition,S Column,E Column,S Row,E Row,Error Message
0,Get_CSV_Partition_Address,09:03:53,0,"Inbox/Master.csv",0,1,0,3,0,0,""
0,Read_CSV,09:03:53,0,"Inbox/Master.csv",1,1,3,3,0,0,""
0,Filter,09:03:53,0.001,"Style(=F)",1,1,3,3,7200,900,""
0,Build_Key_Value,09:03:53,0,"Product, Style => Table(key_value)",1,1,3,3,900,900,""
0,Get_CSV_Partition_Address,09:03:53,0.038,"Inbox/39M_Fact.csv",0,193,0,5,0,0,""
0,Read_CSV,09:03:53,0.344,"Inbox/39M_Fact.csv",100,100,5,5,0,0,""
0,Filter,09:03:54,0.283,"Shop(S77..S78)",100,100,5,5,20235466,443240,""
0,Join_Key_Value,09:03:54,0.017,"Product, Style => Inner(key_value)",100,100,5,6,443240,62000,""
0,Add_Column,09:03:54,0.006,"Quantity, Unit_Price => Multiply(Amount)",100,100,6,7,62000,62000,""
0,Filter,09:03:54,0.002,"Amount:Float(>100000)",100,100,7,7,62000,560,""
0,Append_CSV,09:03:54,0,"Outbox/Peakpy-Detail-Result0-39M_Fact.csv",100,1,7,7,560,560,""
0,Group_By,09:03:54,0.006,"Shop, Product => Count() Sum(Quantity) Sum(Amount)",100,1,7,5,560,26,""
0,Final_Group_By,09:03:54,0,"Shop, Product => Sum(Count) Sum(Quantity) Sum(Amount)",1,1,5,5,26,26,""
0,Write_CSV,09:03:54,0,"Outbox/Peakpy-Summary-Result0-39M_Fact.csv",1,1,5,5,26,26,""
1,Read_CSV,09:03:54,0.326,"Inbox/39M_Fact.csv",93,93,5,5,0,0,""
1,Filter,09:03:54,0.279,"Shop(S77..S78)",93,93,5,5,18764534,421078,""
1,Join_Key_Value,09:03:55,0.017,"Product, Style => Inner(key_value)",93,93,5,6,421078,58900,""
1,Add_Column,09:03:55,0.008,"Quantity, Unit_Price => Multiply(Amount)",93,93,6,7,58900,58900,""
1,Filter,09:03:55,0.003,"Amount:Float(>100000)",93,93,7,7,58900,532,""
1,Append_CSV,09:03:55,0,"Outbox/Peakpy-Detail-Result0-39M_Fact.csv",93,1,7,7,532,532,""
1,Group_By,09:03:55,0.005,"Shop, Product => Count() Sum(Quantity) Sum(Amount)",93,1,7,5,532,26,""
0,Final_Group_By,09:03:55,0,"Shop, Product => Sum(Count) Sum(Quantity) Sum(Amount)",2,1,5,5,52,26,""
0,Write_CSV,09:03:55,0,"Outbox/Peakpy-Summary-Result0-39M_Fact.csv",1,1,5,5,26,26,""
