Batch,Command,Start Time,Second,Command Setting,S Partition,E Partition,S Column,E Column,S Row,E Row,Error Message
0,Get_CSV_Partition_Address,09:02:46,0,"Inbox/Master.csv",0,1,0,3,0,0,""
0,Read_CSV,09:02:46,0,"Inbox/Master.csv",1,1,3,3,0,0,""
0,Filter,09:02:46,0.001,"Style(=F)",1,1,3,3,7200,900,""
0,Build_Key_Value,09:02:46,0,"Product, Style => Table(key_value)",1,1,3,3,900,900,""
0,Get_CSV_Partition_Address,09:02:46,0.002,"Inbox/5M_Fact.csv",0,124,0,5,0,0,""
0,Read_CSV,09:02:46,0.032,"Inbox/5M_Fact.csv",100,100,5,5,0,0,""
0,Filter,09:02:46,0.065,"Shop(S77..S78)",100,100,5,5,4047094,88648,""
0,Join_Key_Value,09:02:46,0.011,"Product, Style => Inner(key_value)",100,100,5,6,88648,12400,""
0,Add_Column,09:02:46,0.005,"Quantity, Unit_Price => Multiply(Amount)",100,100,6,7,12400,12400,""
0,Filter,09:02:46,0.003,"Amount:Float(>100000)",100,100,7,7,12400,112,""
0,Append_CSV,09:02:46,0,"Outbox/Peakpy-Detail-Result0-5M_Fact.csv",100,1,7,7,112,112,""
0,Group_By,09:02:46,0.005,"Shop, Product => Count() Sum(Quantity) Sum(Amount)",100,1,7,5,112,26,""
0,Final_Group_By,09:02:46,0,"Shop, Product => Sum(Count) Sum(Quantity) Sum(Amount)",1,1,5,5,26,26,""
0,Write_CSV,09:02:46,0,"Outbox/Peakpy-Summary-Result0-5M_Fact.csv",1,1,5,5,26,26,""
1,Read_CSV,09:02:46,0.011,"Inbox/5M_Fact.csv",24,24,5,5,0,0,""
1,Filter,09:02:46,0.015,"Shop(S77..S78)",24,24,5,5,952906,22162,""
1,Join_Key_Value,09:02:46,0.006,"Product, Style => Inner(key_value)",24,24,5,6,22162,3100,""
1,Add_Column,09:02:46,0.002,"Quantity, Unit_Price => Multiply(Amount)",24,24,6,7,3100,3100,""
1,Filter,09:02:46,0,"Amount:Float(>100000)",24,24,7,7,3100,28,""
1,Append_CSV,09:02:46,0,"Outbox/Peakpy-Detail-Result0-5M_Fact.csv",24,1,7,7,28,28,""
1,Group_By,09:02:46,0.002,"Shop, Product => Count() Sum(Quantity) Sum(Amount)",24,1,7,5,28,26,""
0,Final_Group_By,09:02:46,0,"Shop, Product => Sum(Count) Sum(Quantity) Sum(Amount)",2,1,5,5,52,26,""
0,Write_CSV,09:02:46,0,"Outbox/Peakpy-Summary-Result0-5M_Fact.csv",1,1,5,5,26,26,""
0,Get_CSV_Partition_Address,09:02:46,0,"Inbox/Master.csv",0,1,0,3,0,0,""
0,Read_CSV,09:02:46,0,"Inbox/Master.csv",1,1,3,3,0,0,""
0,Filter,09:02:46,0.001,"Style(=F)",1,1,3,3,7200,900,""
0,Build_Key_Value,09:02:46,0,"Product, Style => Table(key_value)",1,1,3,3,900,900,""
0,Get_CSV_Partition_Address,09:02:46,0.002,"Inbox/5M_Fact.csv",0,124,0,5,0,0,""
0,Read_CSV,09:02:46,0.05,"Inbox/5M_Fact.csv",100,100,5,5,0,0,""
0,Filter,09:02:46,0.053,"Shop(S77..S78)",100,100,5,5,4047094,88648,""
0,Join_Key_Value,09:02:47,0.009,"Product, Style => Inner(key_value)",100,100,5,6,88648,12400,""
0,Add_Column,09:02:47,0.002,"Quantity, Unit_Price => Multiply(Amount)",100,100,6,7,12400,12400,""
0,Filter,09:02:47,0.003,"Amount:Float(>100000)",100,100,7,7,12400,112,""
0,Append_CSV,09:02:47,0,"Outbox/Peakpy-Detail-Result-5M_Fact.csv",100,1,7,7,112,112,""
0,Group_By,09:02:47,0.006,"Shop, Product => Count() Sum(Quantity) Sum(Amount)",100,1,7,5,112,26,""
0,Final_Group_By,09:02:47,0,"Shop, Product => Sum(Count) Sum(Quantity) Sum(Amount)",1,1,5,5,26,26,""
0,Write_CSV,09:02:47,0.001,"Outbox/Peakpy-Summary-Result-5M_Fact.csv",1,1,5,5,26,26,""
1,Read_CSV,09:02:47,0.008,"Inbox/5M_Fact.csv",24,24,5,5,0,0,""
1,Filter,09:02:47,0.017,"Shop(S77..S78)",24,24,5,5,952906,22162,""
1,Join_Key_Value,09:02:47,0.005,"Product, Style => Inner(key_value)",24,24,5,6,22162,3100,""
1,Add_Column,09:02:47,0.002,"Quantity, Unit_Price => Multiply(Amount)",24,24,6,7,3100,3100,""
1,Filter,09:02:47,0,"Amount:Float(>100000)",24,24,7,7,3100,28,""
1,Append_CSV,09:02:47,0,"Outbox/Peakpy-Detail-Result-5M_Fact.csv",24,1,7,7,28,28,""
1,Group_By,09:02:47,0.002,"Shop, Product => Count() Sum(Quantity) Sum(Amount)",24,1,7,5,28,26,""
0,Final_Group_By,09:02:47,0,"Shop, Product => Sum(Count) Sum(Quantity) Sum(Amount)",2,1,5,5,52,26,""
0,Write_CSV,09:02:47,0,"Outbox/Peakpy-Summary-Result-5M_Fact.csv",1,1,5,5,26,26,""
