Batch,Command,Start Time,Second,Command Setting,S Partition,E Partition,S Column,E Column,S Row,E Row,Error Message
0,Get_CSV_Partition_Address,09:05:39,0,"Inbox/Master.csv",0,1,0,3,0,0,""
0,Read_CSV,09:05:39,0,"Inbox/Master.csv",1,1,3,3,0,0,""
0,Filter,09:05:39,0.001,"Style(=F)",1,1,3,3,7200,900,""
0,Build_Key_Value,09:05:39,0,"Product, Style => Table(key_value)",1,1,3,3,900,900,""
0,Get_CSV_Partition_Address,09:05:39,0.004,"Inbox/67M_Fact.csv",0,332,0,5,0,0,""
0,Read_CSV,09:05:39,0.154,"Inbox/67M_Fact.csv",100,100,5,5,0,0,""
0,Filter,09:05:40,0.301,"Shop(S77..S78)",100,100,5,5,20235466,443240,""
0,Join_Key_Value,09:05:40,0.018,"Product, Style => Inner(key_value)",100,100,5,6,443240,62000,""
0,Add_Column,09:05:40,0.006,"Quantity, Unit_Price => Multiply(Amount)",100,100,6,7,62000,62000,""
0,Filter,09:05:40,0.002,"Amount:Float(>100000)",100,100,7,7,62000,560,""
0,Append_CSV,09:05:40,0,"Outbox/Peakrs-Detail-Result-67M_Fact.csv",100,1,7,7,560,560,""
0,Group_By,09:05:40,0.003,"Shop, Product => Count() Sum(Quantity) Sum(Amount)",100,1,7,5,560,26,""
1,Read_CSV,09:05:40,0.152,"Inbox/67M_Fact.csv",100,100,5,5,0,0,""
1,Filter,09:05:40,0.279,"Shop(S77..S78)",100,100,5,5,20235448,443240,""
1,Join_Key_Value,09:05:40,0.018,"Product, Style => Inner(key_value)",100,100,5,6,443240,62000,""
1,Add_Column,09:05:40,0.006,"Quantity, Unit_Price => Multiply(Amount)",100,100,6,7,62000,62000,""
1,Filter,09:05:40,0.003,"Amount:Float(>100000)",100,100,7,7,62000,560,""
1,Append_CSV,09:05:40,0,"Outbox/Peakrs-Detail-Result-67M_Fact.csv",100,1,7,7,560,560,""
1,Group_By,09:05:40,0.008,"Shop, Product => Count() Sum(Quantity) Sum(Amount)",100,1,7,5,560,26,""
2,Read_CSV,09:05:40,0.152,"Inbox/67M_Fact.csv",100,100,5,5,0,0,""
2,Filter,09:05:41,0.282,"Shop(S77..S78)",100,100,5,5,20235448,443240,""
2,Join_Key_Value,09:05:41,0.021,"Product, Style => Inner(key_value)",100,100,5,6,443240,62000,""
2,Add_Column,09:05:41,0.005,"Quantity, Unit_Price => Multiply(Amount)",100,100,6,7,62000,62000,""
2,Filter,09:05:41,0.002,"Amount:Float(>100000)",100,100,7,7,62000,560,""
2,Append_CSV,09:05:41,0,"Outbox/Peakrs-Detail-Result-67M_Fact.csv",100,1,7,7,560,560,""
2,Group_By,09:05:41,0.006,"Shop, Product => Count() Sum(Quantity) Sum(Amount)",100,1,7,5,560,26,""
3,Read_CSV,09:05:41,0.048,"Inbox/67M_Fact.csv",32,32,5,5,0,0,""
3,Filter,09:05:41,0.087,"Shop(S77..S78)",32,32,5,5,6293638,155134,""
3,Join_Key_Value,09:05:41,0.007,"Product, Style => Inner(key_value)",32,32,5,6,155134,21700,""
3,Add_Column,09:05:41,0.003,"Quantity, Unit_Price => Multiply(Amount)",32,32,6,7,21700,21700,""
3,Filter,09:05:41,0.001,"Amount:Float(>100000)",32,32,7,7,21700,196,""
3,Append_CSV,09:05:41,0,"Outbox/Peakrs-Detail-Result-67M_Fact.csv",32,1,7,7,196,196,""
3,Group_By,09:05:41,0.004,"Shop, Product => Count() Sum(Quantity) Sum(Amount)",32,1,7,5,196,26,""
0,Final_Group_By,09:05:41,0,"Shop, Product => Sum(Count) Sum(Quantity) Sum(Amount)",4,1,5,5,104,26,""
0,Write_CSV,09:05:41,0.001,"Outbox/Peakrs-Summary-Result-67M_Fact.csv",1,1,5,5,26,26,""
