Batch,Command,Start Time,Second,Command Setting,S Partition,E Partition,S Column,E Column,S Row,E Row,Error Message
0,Get_CSV_Partition_Address,09:04:07,0,"Inbox/Master.csv",0,1,0,3,0,0,""
0,Read_CSV,09:04:07,0,"Inbox/Master.csv",1,1,3,3,0,0,""
0,Filter,09:04:07,0.001,"Style(=F)",1,1,3,3,7200,900,""
0,Build_Key_Value,09:04:07,0,"Product, Style => Table(key_value)",1,1,3,3,900,900,""
0,Get_CSV_Partition_Address,09:04:07,0.002,"Inbox/43M_Fact.csv",0,213,0,5,0,0,""
0,Read_CSV,09:04:07,0.17,"Inbox/43M_Fact.csv",100,100,5,5,0,0,""
0,Filter,09:04:07,0.275,"Shop(S77..S78)",100,100,5,5,20235466,443240,""
0,Join_Key_Value,09:04:08,0.019,"Product, Style => Inner(key_value)",100,100,5,6,443240,62000,""
0,Add_Column,09:04:08,0.013,"Quantity, Unit_Price => Multiply(Amount)",100,100,6,7,62000,62000,""
0,Filter,09:04:08,0.002,"Amount:Float(>100000)",100,100,7,7,62000,560,""
0,Append_CSV,09:04:08,0,"Outbox/Peakpy-Detail-Result-43M_Fact.csv",100,1,7,7,560,560,""
0,Group_By,09:04:08,0.003,"Shop, Product => Count() Sum(Quantity) Sum(Amount)",100,1,7,5,560,26,""
0,Final_Group_By,09:04:08,0,"Shop, Product => Sum(Count) Sum(Quantity) Sum(Amount)",1,1,5,5,26,26,""
0,Write_CSV,09:04:08,0,"Outbox/Peakpy-Summary-Result-43M_Fact.csv",1,1,5,5,26,26,""
1,Read_CSV,09:04:08,0.166,"Inbox/43M_Fact.csv",100,100,5,5,0,0,""
1,Filter,09:04:08,0.278,"Shop(S77..S78)",100,100,5,5,20235448,443240,""
1,Join_Key_Value,09:04:08,0.019,"Product, Style => Inner(key_value)",100,100,5,6,443240,62000,""
1,Add_Column,09:04:08,0.019,"Quantity, Unit_Price => Multiply(Amount)",100,100,6,7,62000,62000,""
1,Filter,09:04:08,0.002,"Amount:Float(>100000)",100,100,7,7,62000,560,""
1,Append_CSV,09:04:08,0,"Outbox/Peakpy-Detail-Result-43M_Fact.csv",100,1,7,7,560,560,""
1,Group_By,09:04:08,0.007,"Shop, Product => Count() Sum(Quantity) Sum(Amount)",100,1,7,5,560,26,""
0,Final_Group_By,09:04:08,0,"Shop, Product => Sum(Count) Sum(Quantity) Sum(Amount)",2,1,5,5,52,26,""
0,Write_CSV,09:04:08,0,"Outbox/Peakpy-Summary-Result-43M_Fact.csv",1,1,5,5,26,26,""
2,Read_CSV,09:04:08,0.019,"Inbox/43M_Fact.csv",13,13,5,5,0,0,""
2,Filter,09:04:08,0.038,"Shop(S77..S78)",13,13,5,5,2529086,66486,""
2,Join_Key_Value,09:04:08,0.005,"Product, Style => Inner(key_value)",13,13,5,6,66486,9300,""
2,Add_Column,09:04:08,0.002,"Quantity, Unit_Price => Multiply(Amount)",13,13,6,7,9300,9300,""
2,Filter,09:04:08,0,"Amount:Float(>100000)",13,13,7,7,9300,84,""
2,Append_CSV,09:04:08,0,"Outbox/Peakpy-Detail-Result-43M_Fact.csv",13,1,7,7,84,84,""
2,Group_By,09:04:08,0.003,"Shop, Product => Count() Sum(Quantity) Sum(Amount)",13,1,7,5,84,26,""
0,Final_Group_By,09:04:08,0,"Shop, Product => Sum(Count) Sum(Quantity) Sum(Amount)",3,1,5,5,78,26,""
0,Write_CSV,09:04:08,0,"Outbox/Peakpy-Summary-Result-43M_Fact.csv",1,1,5,5,26,26,""
